forecast_month,location_id,actual_consumption_ml,predicted_consumption_ml,prediction_error_ml,prediction_error_pct,deviation_pct,rolling_3_month_std,consumption_change_pct,abs_prediction_error_pct,abs_deviation_pct,abs_consumption_change_pct,high_prediction_error,high_deviation,high_variability,high_consumption_change,risk_score,risk_category
2026-03-01,85_varthur,102.27,84.16182355779496,-18.10817644220504,-17.706244687792154,29.433709183887345,11.503713893057885,37.53340459647247,17.706244687792154,29.433709183887345,37.53340459647247,1,1,1,1,4,High
2026-03-01,2_chowdeshwari_ward,56.01,74.02534286897799,18.01534286897799,32.16451146041419,15.192038563209447,8.6058061795511,0.4747050047470423,32.16451146041419,15.192038563209447,0.4747050047470423,1,1,1,0,3,High
2026-03-01,25_horamavu,165.27,136.73983905329234,-28.530160946707667,-17.262758484121537,21.36391068195534,17.279227413284513,7.20432564161146,17.262758484121537,21.36391068195534,7.20432564161146,1,1,1,0,3,High
2026-03-01,32_kavalbyrasandra,103.15,114.44034698440832,11.290346984408316,10.94556178808368,12.428298279158684,2.169976958402911,10.02994011976048,10.94556178808368,12.428298279158684,10.02994011976048,1,1,0,1,3,High
2026-03-01,91_bharathinagar,112.97,96.73182869470844,-16.238171305291573,-14.373879176145502,-4.2824869855613255,6.303387977905212,2.374198970480098,14.373879176145502,4.2824869855613255,2.374198970480098,1,0,1,0,2,Medium
2026-03-01,114_agaram,136.18,152.7622973310252,16.582297331025188,12.176749398608596,7.250232805640552,6.520153372429234,5.028660760812922,12.176749398608596,7.250232805640552,5.028660760812922,1,0,1,0,2,Medium
2026-03-01,185_yelachenahalli,180.07,194.0233636432002,13.95336364320022,7.748855246959637,10.34319267661111,6.08592912654534,6.303362496047211,7.748855246959637,10.34319267661111,6.303362496047211,0,1,1,0,2,Medium
2026-03-01,196_anjanapura,398.77,371.0980009620012,-27.671999037998773,-6.939338224540155,16.127997511591513,36.61520085064868,3.638256343526354,6.939338224540155,16.127997511591513,3.638256343526354,0,1,1,0,2,Medium
2026-03-01,198_hemmigepura,142.71,135.49736365990472,-7.212636340095287,-5.054051110710732,13.749148849244191,8.498919539172757,5.35038595429092,5.054051110710732,13.749148849244191,5.35038595429092,0,1,1,0,2,Medium
2026-03-01,6_thanisandra,88.4,83.95255737447087,-4.447442625529135,-5.031043694037483,15.316932236035733,6.206740959097121,5.47747747747748,5.031043694037483,15.316932236035733,5.47747747747748,0,1,1,0,2,Medium
2026-03-01,96_okalipuram,122.64,127.60242206542124,4.962422065421251,4.04633240820389,-11.963049612889211,13.954462846463622,-0.5151267375306586,4.04633240820389,11.963049612889211,0.5151267375306586,0,1,1,0,2,Medium
2026-03-01,43_nandini_layout,151.01,155.87114124231763,4.861141242317643,3.219085651491718,10.807291666666677,12.864583164642358,0.6348416007966704,3.219085651491718,10.807291666666677,0.6348416007966704,0,1,1,0,2,Medium
2026-03-01,14_sidedahalli,40.44,46.844743388648375,6.404743388648377,15.837644383403507,-6.720160481444354,4.940489179558376,-8.947130591956624,15.837644383403507,6.720160481444354,8.947130591956624,1,0,0,0,1,Low
2026-03-01,86_marathalli,156.37,177.27369643208155,20.903696432081546,13.368099016487523,2.1734626612675374,0.2850146195063088,2.33729485002831,13.368099016487523,2.1734626612675374,2.33729485002831,1,0,0,0,1,Low
2026-03-01,153_jayangar,137.48,153.96301844401435,16.483018444014363,11.98939368927434,1.3777719459388682,4.553020975133085,-1.277791975466394,11.98939368927434,1.3777719459388682,1.277791975466394,1,0,0,0,1,Low
2026-03-01,153_jayanagar,7.86,8.779369624449622,0.9193696244496214,11.696814560427752,-2.6037428803905565,0.3082747692130048,-6.557377049180313,11.696814560427752,2.6037428803905565,6.557377049180313,1,0,0,0,1,Low
2026-03-01,146_lakkasandra,85.67,95.36925521989052,9.699255219890516,11.321647274297325,2.004072446683104,1.2057777573002628,1.0296146905848775,11.321647274297325,2.004072446683104,1.0296146905848775,1,0,0,0,1,Low
2026-03-01,57_c.v._ramannagar,73.92,81.82512141683486,7.905121416834859,10.694157760869668,-3.226967370441456,0.9832090316915902,-3.987145917638651,10.694157760869668,3.226967370441456,3.987145917638651,1,0,0,0,1,Low
2026-03-01,13_mallasandra,62.17,68.53653256925037,6.366532569250367,10.240522067316016,9.840494622538577,3.52007575676057,4.106958191756539,10.240522067316016,9.840494622538577,4.106958191756539,1,0,0,0,1,Low
2026-03-01,159_kengeri,289.48,318.2233484680133,28.743348468013263,9.929303740504787,4.952309833338981,16.718851635205084,-1.3432883443412895,9.929303740504787,4.952309833338981,1.3432883443412895,0,0,1,0,1,Low
2026-03-01,12_shettyhalli,180.95,163.28065174767826,-17.669348252321726,-9.764768307445,8.971075292559057,9.766275305014329,1.952156668319272,9.764768307445,8.971075292559057,1.952156668319272,0,0,1,0,1,Low
2026-03-01,175_bommanahalli,262.12,285.36871941678686,23.24871941678685,8.869494665339102,-0.9734985474595208,9.292536431638627,-4.5925011995338885,8.869494665339102,0.9734985474595208,4.5925011995338885,0,0,1,0,1,Low
2026-03-01,16_jalahalli,89.21,96.719049056353,7.509049056353007,8.417272790441663,4.746801987525118,6.720558012546289,-2.152873790242946,8.417272790441663,4.746801987525118,2.152873790242946,0,0,1,0,1,Low
2026-03-01,66_subramanyanagar,113.37,121.86886714251962,8.498867142519615,7.496575057351692,2.068576266403269,6.107350762264511,-3.1879868304826133,7.496575057351692,2.068576266403269,3.1879868304826133,0,0,1,0,1,Low
2026-03-01,14_bagalagunte,208.85,224.174887409165,15.324887409165,7.337748340514724,4.20400672885762,10.985928878949338,-1.3078995394107895,7.337748340514724,4.20400672885762,1.3078995394107895,0,0,1,0,1,Low
2026-03-01,149_varthur,145.63,156.0450769724354,10.4150769724354,7.15173863382229,5.074469487280887,6.801698317332251,-0.0939908515571186,7.15173863382229,5.074469487280887,0.0939908515571186,0,0,1,0,1,Low
2026-03-01,72_herohalli,246.36,231.5030291441892,-14.8569708558108,-6.030593787875791,5.882868281571688,10.633846905048127,0.6705260089125755,6.030593787875791,5.882868281571688,0.6705260089125755,0,0,1,0,1,Low
2026-03-01,93_vasanthnagar,259.19,273.89895747141753,14.708957471417534,5.674971052670834,2.4306846056641715,7.517998403830697,-0.7097308786972549,5.674971052670834,2.4306846056641715,0.7097308786972549,0,0,1,0,1,Low
2026-03-01,139_k.r._market,52.42,49.52372436739186,-2.8962756326081447,-5.525134743624847,-8.02297572725588,1.4180620578803969,-10.719424460431656,5.525134743624847,8.02297572725588,10.719424460431656,0,0,0,1,1,Low
2026-03-01,70_rajagopalanagar,181.46,191.3122803093203,9.852280309320292,5.42945018699454,-0.3532290302570837,6.543548986087961,-1.6730425911757207,5.42945018699454,0.3532290302570837,1.6730425911757207,0,0,1,0,1,Low
2026-03-01,94_gandhinagar,350.94,369.96918467735975,19.02918467735975,5.422347032928635,0.0419853598875451,7.499235516593078,1.320022185246808,5.422347032928635,0.0419853598875451,1.320022185246808,0,0,1,0,1,Low
2026-03-01,134_bapujinagar,130.22,123.65129253511718,-6.56870746488282,-5.0443153623735375,1.3878261787288024,7.361992483922592,-2.3927455612283675,5.0443153623735375,1.3878261787288024,2.3927455612283675,0,0,1,0,1,Low
2026-03-01,71_hegganahalli,219.79,230.61443455849707,10.824434558497074,4.924898566129976,1.426502845837334,6.181563987643715,-0.012719949120204,4.924898566129976,1.426502845837334,0.012719949120204,0,0,1,0,1,Low
2026-03-01,90_ulsoor,305.96,320.8754110509862,14.915411050986222,4.874954585889078,1.5542173783978592,8.583800634528616,-1.3592832869941234,4.874954585889078,1.5542173783978592,1.3592832869941234,0,0,1,0,1,Low
2026-03-01,4_yelahanka_satellite_town,368.22,385.3370556007882,17.11705560078815,4.648594753350754,-1.6882969729192585,11.82120270248898,-3.2027187065547595,4.648594753350754,1.6882969729192585,3.2027187065547595,0,0,1,0,1,Low
2026-03-01,129_jnanabharathi_ward,324.23,339.0375405638805,14.80754056388048,4.566986572457971,1.3131021290586231,8.98684223369549,-1.6080810426402612,4.566986572457971,1.3131021290586231,1.6080810426402612,0,0,1,0,1,Low
2026-03-01,189_hongasandra,328.64,343.6314676706626,14.991467670662589,4.56166859501661,1.8278046100008656,8.15836380654854,0.9287659452486604,4.56166859501661,1.8278046100008656,0.9287659452486604,0,0,1,0,1,Low
2026-03-01,8_kodigehalli,130.32,135.82149532462782,5.501495324627825,4.221528026878319,-2.374439990568274,17.85914145006231,3.331835879005682,4.221528026878319,2.374439990568274,3.331835879005682,0,0,1,0,1,Low
2026-03-01,26_ramamurthynagar,245.88,256.13306517436274,10.253065174362746,4.169946792891958,3.2334828257998627,7.649420457350666,-0.0873163509358104,4.169946792891958,3.2334828257998627,0.0873163509358104,0,0,1,0,1,Low
2026-03-01,100_basaveshwaranagar,158.23,164.3863208203871,6.156320820387123,3.890741844395578,0.3384912959380886,6.717172023999402,-2.4791446363529546,3.890741844395578,0.3384912959380886,2.4791446363529546,0,0,1,0,1,Low
2026-03-01,160_rajarajeshwarinagar,422.05,437.9333645719095,15.883364571909452,3.763384568631549,1.3380734465413515,14.917018245391114,-2.0099179356650776,3.763384568631549,1.3380734465413515,2.0099179356650776,0,0,1,0,1,Low
2026-03-01,192_begur,326.2,338.0893857935582,11.889385793558231,3.644814774236123,3.5462188206368586,9.765614846661537,1.0360438795054832,3.644814774236123,3.5462188206368586,1.0360438795054832,0,0,1,0,1,Low
2026-03-01,24_hbr_layout,236.07,244.47702450382965,8.40702450382966,3.5612422179140344,2.5354049223154287,9.543926515503632,-0.9167729591836667,3.5612422179140344,2.5354049223154287,0.9167729591836667,0,0,1,0,1,Low
2026-03-01,191_singasandra,182.52,176.82456713718693,-5.695432862813078,-3.1204431639344063,9.296436602313484,7.491410637078554,4.176562590511503,3.1204431639344063,9.296436602313484,4.176562590511503,0,0,1,0,1,Low
2026-03-01,81_vignananagar,197.57,203.71224729307733,6.142247293077361,3.1088967419534144,-0.1939003549362487,6.657870029771792,-3.705112960760995,3.1088967419534144,0.1939003549362487,3.705112960760995,0,0,1,0,1,Low
2026-03-01,9_vidyaranyapura,274.02,281.61454589845346,7.594545898453475,2.771529778283876,-6.364398040732147,49.93925510057194,2.501058275716091,2.771529778283876,6.364398040732147,2.501058275716091,0,0,1,0,1,Low
2026-03-01,176_btm_layout,252.5,259.4108066597293,6.910806659729303,2.7369531325660605,-0.7487060951710801,7.390651752946628,-3.417925773800789,2.7369531325660605,0.7487060951710801,3.417925773800789,0,0,1,0,1,Low
2026-03-01,103_kaveripura,101.06,103.72950374645666,2.669503746456656,2.6415038061118694,7.945297990882984,7.131580002589409,0.7564296520423573,2.6415038061118694,7.945297990882984,0.7564296520423573,0,0,1,0,1,Low
2026-03-01,69_laggere,230.88,236.64881940744445,5.768819407444454,2.4986224044717837,3.64998316687241,6.993871126445914,0.4445169446596809,2.4986224044717837,3.64998316687241,0.4445169446596809,0,0,1,0,1,Low
2026-03-01,41_peenya_industrial_area,236.64,231.26395295972569,-5.376047040274301,-2.2718251522457327,9.228829897671664,10.435201643156354,4.051705869887689,2.2718251522457327,9.228829897671664,4.051705869887689,0,0,1,0,1,Low
2026-03-01,73_kottigepalya,199.53,204.03500512376505,4.505005123765017,2.257808411649885,3.135526470144618,8.331988558161457,-1.2515644555694727,2.257808411649885,3.135526470144618,1.2515644555694727,0,0,1,0,1,Low
2026-03-01,38_h.m.t,136.51,139.44690061168387,2.936900611683882,2.151417926660232,1.8862442189883517,7.121561158435217,-3.362270910844699,2.151417926660232,1.8862442189883517,3.362270910844699,0,0,1,0,1,Low
2026-03-01,104_govindrajnagara,75.32,73.70362304522352,-1.61637695477647,-2.1460129511105555,10.474894278909256,5.356251798910632,1.4054343461384171,2.1460129511105555,10.474894278909256,1.4054343461384171,0,1,0,0,1,Low
2026-03-01,130_ullalu,191.81,195.71528913660404,3.90528913660404,2.036019569680434,0.6247439573945098,6.820285917760344,-2.6938694661780715,2.036019569680434,0.6247439573945098,2.6938694661780715,0,0,1,0,1,Low
2026-03-01,150_bellandur,399.28,392.2243821232473,-7.055617876752649,-1.7670852225888225,6.615230134141196,21.738054957455,1.9775402649854632,1.7670852225888225,6.615230134141196,1.9775402649854632,0,0,1,0,1,Low
2026-03-01,188_bilekahalli,232.93,236.3390966334592,3.4090966334592,1.4635713018757566,5.79568614130435,6.462778040440087,7.322220786492657,1.4635713018757566,5.79568614130435,7.322220786492657,0,0,1,0,1,Low
2026-03-01,128_nagarabhavi,254.74,258.1777775444926,3.437777544492576,1.3495240419614414,3.602959341559533,6.796148419019081,0.5260966655312226,1.3495240419614414,3.602959341559533,0.5260966655312226,0,0,1,0,1,Low
2026-03-01,7_byatarayanapura,285.57,288.59386372895614,3.023863728956144,1.0588870430914117,-0.8237021157610077,6.379218865451541,-2.5014603305501057,1.0588870430914117,0.8237021157610077,2.5014603305501057,0,0,1,0,1,Low
2026-03-01,162_girinagar,178.72,179.78967684725578,1.0696768472557778,0.5985210649372078,1.883513649868274,6.668935447280871,-2.169232425449457,0.5985210649372078,1.883513649868274,2.169232425449457,0,0,1,0,1,Low
2026-03-01,39_chokkasandra,133.8,133.23994512741072,-0.5600548725892907,-0.4185761379591111,1.9977298524403984,7.2456331676396735,-3.9341458199700736,0.4185761379591111,1.9977298524403984,3.9341458199700736,0,0,1,0,1,Low
2026-03-01,59_maruthiseva_nagar,158.47,158.29400689516189,-0.1759931048381133,-0.111057679584851,-0.2581538849011616,6.620747691915181,-4.50325536532433,0.111057679584851,0.2581538849011616,4.50325536532433,0,0,1,0,1,Low
2026-03-01,27_banasawadi,260.34,285.844231057461,25.504231057461027,9.796508818261133,0.864353764236774,3.1582326281213886,-0.3785064912094497,9.796508818261133,0.864353764236774,0.3785064912094497,0,0,0,0,0,Normal
2026-03-01,37_yeshwanthpur,59.3,64.89932930111262,5.599329301112618,9.442376561741348,-0.186423949994511,2.8955367953685807,-5.364940736119783,9.442376561741348,0.186423949994511,5.364940736119783,0,0,0,0,0,Normal
2026-03-01,44_marappanahalli,110.91,121.22294098225612,10.312940982256135,9.298477127631536,1.3471151402185793,5.883986743696848,-4.142960173090794,9.298477127631536,1.3471151402185793,4.142960173090794,0,0,0,0,0,Normal
2026-03-01,197_vasanthapura,127.33,139.02434297405853,11.694342974058529,9.184279411025312,0.7346998751010212,3.518962915405484,-2.176084474885833,9.184279411025312,0.7346998751010212,2.176084474885833,0,0,0,0,0,Normal
2026-03-01,112_dommalur,184.44,201.00330060485808,16.563300604858085,8.980319130805729,-2.5289327046720733,5.297257151897827,-5.122279992297317,8.980319130805729,2.5289327046720733,5.122279992297317,0,0,0,0,0,Normal
2026-03-01,183_chikkallasandra,120.54,131.23865692956358,10.698656929563567,8.87560720886309,-0.7706885660138862,1.2627087286199985,-1.356443104747538,8.87560720886309,0.7706885660138862,1.356443104747538,0,0,0,0,0,Normal
2026-03-01,131_nayandanahalli,126.93,115.76873530411886,-11.161264695881144,-8.793244068290509,4.810214139550982,0.3808324215896557,4.436977685879216,8.793244068290509,4.810214139550982,4.436977685879216,0,0,0,0,0,Normal
2026-03-01,83_kadugodi,57.36,52.31812043604538,-5.041879563954616,-8.789887663798146,6.844008264462806,0.6357148207596152,5.913978494623652,8.789887663798146,6.844008264462806,5.913978494623652,0,0,0,0,0,Normal
2026-03-01,143_vishweshrapuram,105.76,114.87367339070106,9.113673390701052,8.61731598969464,1.0289990645463165,2.44442904035556,-1.395189591714453,8.61731598969464,1.0289990645463165,1.395189591714453,0,0,0,0,0,Normal
2026-03-01,118_sudamnagar,90.65,98.1281163398314,7.478116339831402,8.249438874607172,-4.601793691847768,2.542170988217225,-5.405675459632291,8.249438874607172,4.601793691847768,5.405675459632291,0,0,0,0,0,Normal
2026-03-01,87_hal_airport,88.0,94.64897550883956,6.64897550883957,7.555653987317693,0.6931542089466856,1.593308925893952,-1.2405382674516472,7.555653987317693,0.6931542089466856,1.2405382674516472,0,0,0,0,0,Normal
2026-03-01,164_vidyapeetha_ward,97.38,104.4605099322316,7.0805099322315925,7.271010404838357,1.669303542023179,4.806166178289454,-3.351749539594844,7.271010404838357,1.669303542023179,3.351749539594844,0,0,0,0,0,Normal
2026-03-01,85_doddanekkundi,313.53,335.0780218675769,21.54802186757695,6.872714530531991,7.991574773881803,0.9057041459549372,8.08196670490126,6.872714530531991,7.991574773881803,8.08196670490126,0,0,0,0,0,Normal
2026-03-01,163_katriguppe,131.17,140.10968309845893,8.939683098458943,6.815341235388385,1.879905527590237,3.1438882507704644,1.5552543340229772,6.815341235388385,1.879905527590237,1.5552543340229772,0,0,0,0,0,Normal
2026-03-01,124_hosahalli,104.46,111.18230782233148,6.722307822331473,6.435293722316173,2.4898668210770083,2.10038885288724,0.2683363148479402,6.435293722316173,2.4898668210770083,0.2683363148479402,0,0,0,0,0,Normal
2026-03-01,117_shanthinagar,227.44,241.8910154136603,14.451015413660317,6.353770406990993,-0.070923920456089,2.6310897615498576,-0.3468396784592134,6.353770406990993,0.070923920456089,0.3468396784592134,0,0,0,0,0,Normal
2026-03-01,15_t._dasarahalli,133.91,142.28697693326163,8.37697693326163,6.2556768973651184,3.453719205931595,2.326506680268163,1.721461831522504,6.2556768973651184,3.453719205931595,1.721461831522504,0,0,0,0,0,Normal
2026-03-01,19_sanjaynagar,82.66,87.80113930398149,5.14113930398149,6.219621708179882,2.6514862076870167,1.4609015481316134,3.765496466226393,6.219621708179882,2.6514862076870167,3.765496466226393,0,0,0,0,0,Normal
2026-03-01,158_deepanjali_nagar,79.75,74.87057995315352,-4.879420046846477,-6.118395043067682,2.179872656526369,3.759685270515757,-2.8012618296529954,6.118395043067682,2.179872656526369,2.8012618296529954,0,0,0,0,0,Normal
2026-03-01,168_pattabhiramnagar,130.88,138.8676020945623,7.987602094562305,6.10299671039296,0.5400390160346547,0.6182502190323956,0.6933523945675474,6.10299671039296,0.5400390160346547,0.6933523945675474,0,0,0,0,0,Normal
2026-03-01,145_hombegowdanagar,188.67,200.07751060146285,11.40751060146286,6.0462768863427465,-1.3479639436245816,1.290167947723631,-2.018103576198241,6.0462768863427465,1.3479639436245816,2.018103576198241,0,0,0,0,0,Normal
2026-03-01,166_karisandra,113.42,120.19667694418952,6.776676944189532,5.974851828768764,0.0305623471882599,3.3308457384474126,-1.0797889878008475,5.974851828768764,0.0305623471882599,1.0797889878008475,0,0,0,0,0,Normal
2026-03-01,142_sunkenahalli,63.4,67.1631028943651,3.7631028943650975,5.93549352423517,1.2064893726255232,1.7073468696586909,-1.705310396409874,5.93549352423517,1.2064893726255232,1.705310396409874,0,0,0,0,0,Normal
2026-03-01,10_doddabommasandra,30.17,31.947936043771023,1.777936043771021,5.893059475541999,3.275939177101968,0.9962596716385452,-0.5490956072351476,5.893059475541999,3.275939177101968,0.5490956072351476,0,0,0,0,0,Normal
2026-03-01,182_padmanabhanagar,159.96,169.14691003655784,9.186910036557832,5.7432545864952695,2.4527965446872577,3.97271108102934,0.2034647134054146,5.7432545864952695,2.4527965446872577,0.2034647134054146,0,0,0,0,0,Normal
2026-03-01,28_kammanahalli,167.48,177.07298820581366,9.592988205813668,5.727841059119697,1.898948796202094,4.360860006925279,-0.5241379310344765,5.727841059119697,1.898948796202094,0.5241379310344765,0,0,0,0,0,Normal
2026-03-01,29_kacharakanahalli,120.16,126.8753130346611,6.715313034661108,5.588642671988272,-0.5959475566150282,1.1517956994769003,-1.6080633992459823,5.588642671988272,0.5959475566150282,1.6080633992459823,0,0,0,0,0,Normal
2026-03-01,179_shakambarinagar,104.31,110.13347934932412,5.823479349324131,5.582858162519539,3.756906077348064,1.0256217626395228,2.875924404272807,5.582858162519539,3.756906077348064,2.875924404272807,0,0,0,0,0,Normal
2026-03-01,82_garudacharpalya,174.66,184.3649106337568,9.704910633756782,5.5564586246174175,5.519156815268485,5.089060162086179,8.228333515941717,5.5564586246174175,5.519156815268485,8.228333515941717,0,0,0,0,0,Normal
2026-03-01,144_siddapura,108.95,114.92749753384253,5.977497533842509,5.486459416101431,-2.3073611708997164,0.8013114251024267,-1.80008654262224,5.486459416101431,2.3073611708997164,1.80008654262224,0,0,0,0,0,Normal
2026-03-01,99_rajajinagar,108.69,114.60884553649257,5.918845536492569,5.445621065868589,2.794493204567469,3.8751301053427074,-0.4519870373528919,5.445621065868589,2.794493204567469,0.4519870373528919,0,0,0,0,0,Normal
2026-03-01,161_hosakerehalli,172.47,163.09494607524005,-9.375053924759952,-5.435759218855426,-2.5445754004230934,4.51897112183735,-5.013254786450657,5.435759218855426,2.5445754004230934,5.013254786450657,0,0,0,0,0,Normal
2026-03-01,11_kuvempunagar,64.55,67.99620646715802,3.446206467158021,5.338817145093758,2.951238192494249,3.0084935322073423,-2.0833333333333437,5.338817145093758,2.951238192494249,2.0833333333333437,0,0,0,0,0,Normal
2026-03-01,190_mangammanapalya,88.99,93.69824562022822,4.708245620228226,5.290758085434573,-1.506252026953981,4.255165488360382,-6.178560395427865,5.290758085434573,1.506252026953981,6.178560395427865,0,0,0,0,0,Normal
2026-03-01,17_j.p.park,120.05,126.2763548568566,6.226354856856588,5.186468019039224,-1.7694982097452294,4.037540505472746,-4.9841891281433455,5.186468019039224,1.7694982097452294,4.9841891281433455,0,0,0,0,0,Normal
2026-03-01,50_benniganahalli,361.26,379.5679996296296,18.30799962962965,5.067818089362135,-3.162227307929936,5.223651341096092,-3.0170723417605743,5.067818089362135,3.162227307929936,3.0170723417605743,0,0,0,0,0,Normal
2026-03-01,167_yadiyuru,99.77,104.82156272526274,5.051562725262741,5.063208103901715,1.340278218890949,4.060472057942667,-2.5382571245303733,5.063208103901715,1.340278218890949,2.5382571245303733,0,0,0,0,0,Normal
2026-03-01,18_radhakrishna_temple_ward,91.1,95.68717835111704,4.5871783511170605,5.035322010007751,0.6746784735399391,0.5737595315113038,0.3783897414336761,5.035322010007751,0.6746784735399391,0.3783897414336761,0,0,0,0,0,Normal
2026-03-01,49_lingarajapura,91.75,96.23904255198605,4.489042551986032,4.892689429957527,0.2111968978291579,1.4173684536257305,-0.3408738766656319,4.892689429957527,0.2111968978291579,0.3408738766656319,0,0,0,0,0,Normal
2026-03-01,63_jayamahal,117.16,122.82788766432571,5.6678876643257325,4.837732728171504,2.448823416873934,2.165509947641289,0.5391052462182183,4.837732728171504,2.448823416873934,0.5391052462182183,0,0,0,0,0,Normal
2026-03-01,101_kamakshipalya,91.11,95.4795920717913,4.369592071791303,4.795952224554168,4.381247969973655,4.019220488270473,-0.1863546951030198,4.795952224554168,4.381247969973655,0.1863546951030198,0,0,0,0,0,Normal
2026-03-01,157_gali_anjaneya_swamy_temple_ward,133.31,126.94393016952203,-6.366069830477969,-4.775388065769985,5.767918088737205,4.313900014294855,1.827418865635424,4.775388065769985,5.767918088737205,1.827418865635424,0,0,0,0,0,Normal
2026-03-01,21_hebbal,160.69,168.3544224261849,7.664422426184899,4.769694707937581,5.606502709462277,2.7910989472487877,3.638706510400692,4.769694707937581,5.606502709462277,3.638706510400692,0,0,0,0,0,Normal
2026-03-01,165_ganeshmandira_ward,109.01,114.1490635396538,5.13906353965379,4.714304687325741,3.2450292052628384,1.5753518125591326,1.726543425183109,4.714304687325741,3.2450292052628384,1.726543425183109,0,0,0,0,0,Normal
2026-03-01,177_j.p.nagar,162.65,170.19188578929518,7.541885789295179,4.636880288530698,1.3434797105144436,3.339316297287992,-0.1391465677179851,4.636880288530698,1.3434797105144436,0.1391465677179851,0,0,0,0,0,Normal
2026-03-01,1_kempegowda_ward,109.74,114.75783182565031,5.017831825650319,4.572472959404337,4.490172172827036,4.872877315645571,-0.4758263233919638,4.572472959404337,4.490172172827036,0.4758263233919638,0,0,0,0,0,Normal
2026-03-01,53_basavanapura,201.81,210.87527097643087,9.065270976430869,4.491983041688155,-1.192493366156213,1.58446626134259,-1.735978634109126,4.491983041688155,1.192493366156213,1.735978634109126,0,0,0,0,0,Normal
2026-03-01,61_s.k._garden,74.27,77.50421168664933,3.234211686649332,4.354667680960457,-2.005364669817355,0.9168969407735992,-1.7166282346912674,4.354667680960457,2.005364669817355,1.7166282346912674,0,0,0,0,0,Normal
2026-03-01,108_srirammandira_ward,112.16,116.99426842968964,4.834268429689644,4.310153735457956,0.6435295770689795,1.9144799119691127,-0.5829447035309817,4.310153735457956,0.6435295770689795,0.5829447035309817,0,0,0,0,0,Normal
2026-03-01,171_gurappanapalya,187.08,179.088391500778,-7.991608499222025,-4.271759941854834,2.574573534052293,0.9084235429213784,2.310597644967783,4.271759941854834,2.574573534052293,2.310597644967783,0,0,0,0,0,Normal
2026-03-01,109_chikpet,107.59,112.15648364627236,4.566483646272346,4.2443383644133705,-1.0533833244063495,1.9512303810672849,-2.9337069795954065,4.2443383644133705,1.0533833244063495,2.9337069795954065,0,0,0,0,0,Normal
2026-03-01,60_sagayapuram,90.41,94.21343896438908,3.803438964389088,4.206878624476372,-0.2237374813552032,0.6828616258072152,-0.5310674455655867,4.206878624476372,0.2237374813552032,0.5310674455655867,0,0,0,0,0,Normal
2026-03-01,48_muneshwaranagar,34.67,36.09555759620009,1.4255575962000862,4.11179000923013,-2.015791918253608,0.3873413653785795,-0.8460236886632946,4.11179000923013,2.015791918253608,0.8460236886632946,0,0,0,0,0,Normal
2026-03-01,79_sarvagnanagar,73.15,76.14142942752754,2.9914294275275357,4.089445560529781,-2.973112719751806,1.0761505470890154,-4.50381679389312,4.089445560529781,2.973112719751806,4.50381679389312,0,0,0,0,0,Normal
2026-03-01,58_hosathippasandra,144.13,150.0077593537911,5.877759353791106,4.078095714834598,-1.645100030914623,2.477182539364653,-3.4215832953880123,4.078095714834598,1.645100030914623,3.4215832953880123,0,0,0,0,0,Normal
2026-03-01,184_uttarahalli,296.9,308.58467678932163,11.684676789321657,3.935559713479844,2.7780511003968544,5.10506611122733,1.5556131708581835,3.935559713479844,2.7780511003968544,1.5556131708581835,0,0,0,0,0,Normal
2026-03-01,180_banashankari_temple_ward,112.21,116.54076597147451,4.33076597147452,3.85951873404734,2.892202367138564,1.7831526388207672,1.904843992415108,3.85951873404734,2.892202367138564,1.904843992415108,0,0,0,0,0,Normal
2026-03-01,123_vijaynagar,82.48,85.64664201984402,3.1666420198440197,3.839284699131934,2.255813953488369,2.829293197955965,-1.4125560538116648,3.839284699131934,2.255813953488369,1.4125560538116648,0,0,0,0,0,Normal
2026-03-01,77_dattathreya_temple,109.83,113.9854394060898,4.155439406089798,3.7835194446779545,1.3312313890348535,1.3501111065390434,-0.0172830971310024,3.7835194446779545,1.3312313890348535,0.0172830971310024,0,0,0,0,0,Normal
2026-03-01,169_byrasandra,110.75,114.90000150504264,4.150001505042653,3.747179688526097,-0.889210716871826,3.011085075738188,-3.6980749746707153,3.747179688526097,0.889210716871826,3.6980749746707153,0,0,0,0,0,Normal
2026-03-01,111_shanthala_nagar,218.11,226.22900997530255,8.11900997530256,3.7224382079237817,-0.249730829046539,5.00105322240561,-1.884211455299625,3.7224382079237817,0.249730829046539,1.884211455299625,0,0,0,0,0,Normal
2026-03-01,141_azadnagar,108.93,104.88686604312652,-4.043133956873476,-3.711680856397205,-4.926950575069939,3.49714645580269,-8.37602228812797,3.711680856397205,4.926950575069939,8.37602228812797,0,0,0,0,0,Normal
2026-03-01,64_rajamahal,84.92,88.03459226811492,3.1145922681149187,3.667678130140036,2.26638383387295,1.255866234915209,0.936639118457294,3.667678130140036,2.26638383387295,0.936639118457294,0,0,0,0,0,Normal
2026-03-01,173_jakkasandra,117.87,122.1600175110378,4.290017511037803,3.639617808634769,-0.7527893534077191,4.586636385558978,-4.538401861908463,3.639617808634769,0.7527893534077191,4.538401861908463,0,0,0,0,0,Normal
2026-03-01,80_hoysalanagar,150.06,155.33847964792213,5.278479647922126,3.517579400188008,1.2219871324323088,5.290986045467648,-1.512477943030001,3.517579400188008,1.2219871324323088,1.512477943030001,0,0,0,0,0,Normal
2026-03-01,45_malleshwaram,98.22,101.67240641800372,3.452406418003733,3.5149729362693267,-4.505938923032846,3.970596092947981,-0.2196047115192783,3.5149729362693267,4.505938923032846,0.2196047115192783,0,0,0,0,0,Normal
2026-03-01,105_agrahara_dasarahalli,92.2,95.39028520740634,3.1902852074063333,3.460179183737888,4.183118130402307,3.5133886776159757,1.7615176151761496,3.460179183737888,4.183118130402307,1.7615176151761496,0,0,0,0,0,Normal
2026-03-01,194_gottigere,104.39,100.85198604524427,-3.538013954755712,-3.389226894104524,3.740024347355608,3.459079839109429,-0.2438786459857574,3.389226894104524,3.740024347355608,0.2438786459857574,0,0,0,0,0,Normal
2026-03-01,52_k.r.puram,173.05,178.84624542848306,5.796245428483047,3.3494628306749763,1.992739922861657,5.786893236731813,-1.0237780713342215,3.3494628306749763,1.992739922861657,1.0237780713342215,0,0,0,0,0,Normal
2026-03-01,75_shankaramata,142.0,146.7264155305586,4.726415530558597,3.328461641238449,4.699330310910622,5.064803385456646,0.7105857351573869,3.328461641238449,4.699330310910622,0.7105857351573869,0,0,0,0,0,Normal
2026-03-01,74_shakthiganapathi_nagar,149.78,154.71591700077855,4.9359170007785735,3.2954446526763075,1.339625513776836,5.8894170622679765,-2.943014246438378,3.2954446526763075,1.339625513776836,2.943014246438378,0,0,0,0,0,Normal
2026-03-01,88_jeevanbhimanagar,140.86,145.3784741402394,4.518474140239391,3.207776615248751,-0.0316648949403926,4.220951709429126,-2.6689568606725187,3.207776615248751,0.0316648949403926,2.6689568606725187,0,0,0,0,0,Normal
2026-03-01,113_konena_agrahara,121.08,124.96215743846548,3.882157438465484,3.2062747261855664,-0.5084082909659581,4.710318460571411,-3.592542064574803,3.2062747261855664,0.5084082909659581,3.592542064574803,0,0,0,0,0,Normal
2026-03-01,56_a._narayanapura,220.21,227.1688453392904,6.958845339290349,3.1600950634804725,1.8863760097703128,5.171231316943119,-0.6328568968486304,3.1600950634804725,1.8863760097703128,0.6328568968486304,0,0,0,0,0,Normal
2026-03-01,65_kadumalleshwara,146.84,151.43149976450695,4.591499764506949,3.1268726263327085,0.4474946752436629,2.647911126403889,1.6126926090363012,3.1268726263327085,0.4474946752436629,1.6126926090363012,0,0,0,0,0,Normal
2026-03-01,121_binnypet,94.77,97.67322213924552,2.9032221392455284,3.063440054073576,-0.6571485756221226,2.281081614790104,0.6182850192580575,3.063440054073576,0.6571485756221226,0.6182850192580575,0,0,0,0,0,Normal
2026-03-01,20_ganganagar,70.47,68.32602687617938,-2.143973123820615,-3.042391264113261,3.3584081533608217,0.4142865353030513,2.6460381723539594,3.042391264113261,3.3584081533608217,2.6460381723539594,0,0,0,0,0,Normal
2026-03-01,67_nagapura,168.34,173.46143191223146,5.121431912231458,3.0423143116499096,1.9091659151524432,3.9238289123423575,-0.4554399775091382,3.0423143116499096,1.9091659151524432,0.4554399775091382,0,0,0,0,0,Normal
2026-03-01,147_adugodi,112.91,109.4831258376373,-3.4268741623626937,-3.035049297991935,-0.4296260438097505,3.1333741132097934,1.9327262590596528,3.035049297991935,0.4296260438097505,1.9327262590596528,0,0,0,0,0,Normal
2026-03-01,106_dr._rajkumar_ward,76.88,79.16135936754308,2.281359367543089,2.967428938011303,-0.2619760479042015,1.8934360300786308,-0.5844317333996504,2.967428938011303,0.2619760479042015,0.5844317333996504,0,0,0,0,0,Normal
2026-03-01,33_manorayanapalya,60.88,62.67587515341244,1.7958751534124389,2.949860633069052,4.6067660176221,1.3379960139452225,2.461243407383729,2.949860633069052,4.6067660176221,2.461243407383729,0,0,0,0,0,Normal
2026-03-01,122_kempapura_agrahara,85.25,87.70417409582156,2.454174095821557,2.87879659333907,2.439024390243892,0.5056019514730477,2.5420777713290743,2.87879659333907,2.439024390243892,2.5420777713290743,0,0,0,0,0,Normal
2026-03-01,62_ramaswamy_palya,73.42,75.52657281580274,2.1065728158027355,2.8692084116081933,2.436128578338699,1.4565827588343343,0.2194114610222014,2.8692084116081933,2.436128578338699,0.2194114610222014,0,0,0,0,0,Normal
2026-03-01,154_basavanagudi,132.53,136.29042001727413,3.7604200172741287,2.837410410679943,0.4396846061261064,3.580004655490506,-2.1395749569213023,2.837410410679943,0.4396846061261064,2.1395749569213023,0,0,0,0,0,Normal
2026-03-01,187_puttenahalli,145.7,149.7479362164066,4.047936216406612,2.778267821830207,2.4841390403002297,1.9629144997512689,2.6239849674518467,2.778267821830207,2.4841390403002297,2.6239849674518467,0,0,0,0,0,Normal
2026-03-01,178_sarakki,165.82,170.3091378364577,4.489137836457701,2.707235458001267,0.6233544989933182,2.621475411544415,1.274257657236368,2.707235458001267,0.6233544989933182,1.274257657236368,0,0,0,0,0,Normal
2026-03-01,34_gangenahalli,47.61,48.86290572936321,1.2529057293632135,2.631602036049598,3.4971256501505463,0.2247962040011528,3.383921246923705,2.631602036049598,3.4971256501505463,3.383921246923705,0,0,0,0,0,Normal
2026-03-01,68_mahalakshmipuram,127.69,124.41187355768275,-3.2781264423172445,-2.567253850980691,5.920997920997925,5.427743545894619,0.8711491248911132,2.567253850980691,5.920997920997925,0.8711491248911132,0,0,0,0,0,Normal
2026-03-01,22_vishwanathnagenahalli,73.64,75.50901485624371,1.8690148562437088,2.538042987837736,4.897584033613431,1.6367956500431444,3.618677042801565,2.538042987837736,4.897584033613431,3.618677042801565,0,0,0,0,0,Normal
2026-03-01,97_dayanandanagar,81.66,83.68000839443683,2.020008394436829,2.473681599849166,-0.4959999999999923,1.8166544342095812,-2.869860606770532,2.473681599849166,0.4959999999999923,2.869860606770532,0,0,0,0,0,Normal
2026-03-01,115_vannarpet,101.91,104.3789514805454,2.4689514805454,2.4226783245465606,0.3205636842606195,2.505281088687152,-1.7439149491746757,2.4226783245465606,0.3205636842606195,1.7439149491746757,0,0,0,0,0,Normal
2026-03-01,186_jaraganahalli,77.46,79.24152615950749,1.781526159507493,2.2999304925219377,1.7462311557788772,2.1564090521049857,-0.3200000000000063,2.2999304925219377,1.7462311557788772,0.3200000000000063,0,0,0,0,0,Normal
2026-03-01,181_kumaraswamy_layout,242.02,247.0491289415214,5.029128941521378,2.07798072123022,0.358795203474644,3.254924474290566,-0.4655456114299461,2.07798072123022,0.358795203474644,0.4655456114299461,0,0,0,0,0,Normal
2026-03-01,76_gayathrinagar,111.43,113.6439713926105,2.213971392610489,1.9868719309077347,5.515681544028935,2.107375935454655,3.3129595181149747,1.9868719309077347,5.515681544028935,3.3129595181149747,0,0,0,0,0,Normal
2026-03-01,110_sampangiramnagar,128.43,130.9762520947655,2.5462520947654923,1.9825991549992157,0.979248059262284,2.088189008048162,-0.792582622999852,1.9825991549992157,0.979248059262284,0.792582622999852,0,0,0,0,0,Normal
2026-03-01,30_kadugondanahalli,128.6,131.12141266360155,2.521412663601581,1.960663035460016,-0.3662724151087294,0.3439476704380829,-0.64678131182468,1.960663035460016,0.3662724151087294,0.64678131182468,0,0,0,0,0,Normal
2026-03-01,3_attur,171.05,174.39671683779622,3.346716837796208,1.95657225243859,0.2358580286833759,5.056385401977731,-2.4923674715514896,1.95657225243859,0.2358580286833759,2.4923674715514896,0,0,0,0,0,Normal
2026-03-01,140_chamrajpet,164.06,167.2555413356681,3.1955413356681106,1.9477882089894611,-2.376730750074721,4.324723497905206,-4.769123134328361,1.9477882089894611,2.376730750074721,4.769123134328361,0,0,0,0,0,Normal
2026-03-01,89_jogupalya,124.2,126.61855246836944,2.418552468369427,1.9473047249351263,1.046682018002938,1.4866853511531628,-0.2866217367727977,1.9473047249351263,1.046682018002938,0.2866217367727977,0,0,0,0,0,Normal
2026-03-01,78_pulikeshinagar,119.25,117.1052036059198,-2.1447963940801884,-1.7985713996479566,0.901079035082763,1.9437678187821923,2.4610618707512257,1.7985713996479566,0.901079035082763,2.4610618707512257,0,0,0,0,0,Normal
2026-03-01,55_devasandra,84.27,85.77618024778356,1.5061802477835613,1.787326744729514,4.826986885763932,2.8502865353036824,1.375200550080207,1.787326744729514,4.826986885763932,1.375200550080207,0,0,0,0,0,Normal
2026-03-01,116_neelasandra,60.54,61.59205110124925,1.0520511012492475,1.737778495621486,-0.5289851120685025,0.2973774257292434,-0.0821692686935156,1.737778495621486,0.5289851120685025,0.0821692686935156,0,0,0,0,0,Normal
2026-03-01,156_srinagar,141.35,143.74263881782315,2.392638817823155,1.6927052124677429,4.288564628957441,5.522900807848456,0.0484295004843099,1.6927052124677429,4.288564628957441,0.0484295004843099,0,0,0,0,0,Normal
2026-03-01,120_cottonpet,62.9,63.94784585894481,1.047845858944811,1.6658916676388091,-2.7546344511560124,1.2942307882805677,-3.801576263328689,1.6658916676388091,2.7546344511560124,3.801576263328689,0,0,0,0,0,Normal
2026-03-01,31_kushalnagar,54.1,54.98095681050431,0.8809568105043084,1.6283859713573168,0.205848519706962,0.6306610288683869,1.3968020584451484,1.6283859713573168,0.205848519706962,1.3968020584451484,0,0,0,0,0,Normal
2026-03-01,126_maruthi_mandira_ward,98.37,96.76991855873467,-1.6000814412653313,-1.6265949387672372,8.863287798266574,5.177657127826548,3.42584121175154,1.6265949387672372,8.863287798266574,3.42584121175154,0,0,0,0,0,Normal
2026-03-01,35_aramane_nagar,76.86,78.10773631861056,1.2477363186105634,1.6233883926757269,3.9219870262888343,1.4609699974104065,1.844416562107903,1.6233883926757269,3.9219870262888343,1.844416562107903,0,0,0,0,0,Normal
2026-03-01,174_hsr_layout,545.35,553.8794058998409,8.529405899840867,1.5640241862731947,2.720121888546951,6.085263620694145,1.4746725438549368,1.5640241862731947,2.720121888546951,1.4746725438549368,0,0,0,0,0,Normal
2026-03-01,135_padarayanapura,68.73,69.7693569111907,1.0393569111906942,1.5122317927989146,-1.6625381097561085,0.8892881047969451,-3.0025373555116937,1.5122317927989146,1.6625381097561085,3.0025373555116937,0,0,0,0,0,Normal
2026-03-01,107_shivanagar,85.37,86.65358095811375,1.2835809581137454,1.5035503784862896,5.0803366488140895,3.121431295629192,6.713286713286719,1.5035503784862896,5.0803366488140895,6.713286713286719,0,0,0,0,0,Normal
2026-03-01,170_jayanagar_east,97.28,98.7103853191104,1.4303853191103857,1.4703796454670903,0.9702308023444411,1.130589816570462,0.0590667454223294,1.4703796454670903,0.9702308023444411,0.0590667454223294,0,0,0,0,0,Normal
2026-03-01,136_jagareevanram_nagar,122.62,124.25696728476689,1.636967284766868,1.3349920769587895,-1.1189588127926329,0.5850640990522539,-1.322562762334681,1.3349920769587895,1.1189588127926329,1.322562762334681,0,0,0,0,0,Normal
2026-03-01,92_shivajinagar,211.81,208.9972274374699,-2.812772562530114,-1.3279696721260157,-0.2121584328989111,1.7473503750917518,0.2451805201673089,1.3279696721260157,0.2121584328989111,0.2451805201673089,0,0,0,0,0,Normal
2026-03-01,95_subhashnagar,61.87,62.67256136707,0.8025613670699983,1.29717369818975,-1.823675979430634,1.979250699970417,-2.480252764612955,1.29717369818975,1.823675979430634,2.480252764612955,0,0,0,0,0,Normal
2026-03-01,151_koramangala,310.26,314.20802777898035,3.948027778980361,1.2724900982983178,0.2593949612528629,4.872330038082496,-1.169814939112099,1.2724900982983178,0.2593949612528629,1.169814939112099,0,0,0,0,0,Normal
2026-03-01,138_chalavadipalya,50.62,51.25163119010617,0.6316311901061695,1.247789786855333,-0.5004549590536872,0.8882754827942565,-0.1565251418509064,1.247789786855333,0.5004549590536872,0.1565251418509064,0,0,0,0,0,Normal
2026-03-01,5_jakkur,110.83,109.54589712144332,-1.2841028785566806,-1.1586239091912665,7.058638578839806,3.9514596459198983,2.6870532886998992,1.1586239091912665,7.058638578839806,2.6870532886998992,0,0,0,0,0,Normal
2026-03-01,137_rayapuram,75.61,76.46824465384988,0.85824465384988,1.135094106401111,-1.323643913833371,0.665657569626154,-2.098622376722024,1.135094106401111,1.323643913833371,2.098622376722024,0,0,0,0,0,Normal
2026-03-01,195_konanakunte,283.26,286.36627706173465,3.1062770617346587,1.096616910871517,5.723636276769834,5.96352524379079,6.056793673616112,1.096616910871517,5.723636276769834,6.056793673616112,0,0,0,0,0,Normal
2026-03-01,102_vrushabhavathi_nagar,96.2,97.15945284164066,0.9594528416406548,0.9973522262376868,6.041374474053303,4.204549123667544,0.8907125700560453,0.9973522262376868,6.041374474053303,0.8907125700560453,0,0,0,0,0,Normal
2026-03-01,119_dharmarayaswamy_temple_ward,96.41,97.35178841626544,0.9417884162654389,0.9768576042583124,-1.58123014924354,2.4525972627672523,-3.843843843843847,0.9768576042583124,1.58123014924354,3.843843843843847,0,0,0,0,0,Normal
2026-03-01,84_hagadooru,109.88,108.85323998447709,-1.0267600155229104,-0.9344375823834276,8.434308190065353,2.195821789976107,7.999241778030516,0.9344375823834276,8.434308190065353,7.999241778030516,0,0,0,0,0,Normal
2026-03-01,51_vijinapura,122.86,123.95584834057024,1.0958483405702282,0.8919488365377081,0.8552473823035672,4.232457914734735,-2.329901695177638,0.8919488365377081,0.8552473823035672,2.329901695177638,0,0,0,0,0,Normal
2026-03-01,148_ejipura,140.03,138.94221301918188,-1.087786980818123,-0.7768242382476063,1.8689750147550643,3.942160997896061,-1.258581235697934,0.7768242382476063,1.8689750147550643,1.258581235697934,0,0,0,0,0,Normal
2026-03-01,133_hampinagar,77.18,76.62012241969022,-0.559877580309788,-0.7254179584215962,1.834268450582656,2.9297838373049694,-2.407246556644742,0.7254179584215962,1.834268450582656,2.407246556644742,0,0,0,0,0,Normal
2026-03-01,193_arakere,336.18,338.5864950156326,2.406495015632572,0.7158352714714058,4.2113248652959605,2.729291727413892,4.013046770341904,0.7158352714714058,4.2113248652959605,4.013046770341904,0,0,0,0,0,Normal
2026-03-01,172_madiwala,169.93,171.10024345838744,1.1702434583874322,0.6886620716691768,1.4988290398126645,3.057073764239236,-0.2129741552984378,0.6886620716691768,1.4988290398126645,0.2129741552984378,0,0,0,0,0,Normal
2026-03-01,125_marenahalli,87.54,86.95663532981467,-0.5833646701853326,-0.6663978411986892,1.6885482279730006,4.305163566385503,-3.039183762075325,0.6663978411986892,1.6885482279730006,3.039183762075325,0,0,0,0,0,Normal
2026-03-01,152_sudduguntepalya,150.6,149.65626913884313,-0.9437308611568652,-0.6266473181652492,0.433225763670927,2.133268228173171,2.000134689204659,0.6266473181652492,0.433225763670927,2.000134689204659,0,0,0,0,0,Normal
2026-03-01,132_attiguppe,165.17,164.13819629549033,-1.031803704509656,-0.6246919564749386,4.878048780487803,2.413897263762542,3.169830232412455,0.6246919564749386,4.878048780487803,3.169830232412455,0,0,0,0,0,Normal
2026-03-01,46_jayachamarajendra_nagar,178.74,177.7733661703178,-0.9666338296822232,-0.540804425244614,1.1805124081722174,4.27033175916499,1.5069849301507037,0.540804425244614,1.1805124081722174,1.5069849301507037,0,0,0,0,0,Normal
2026-03-01,155_hanumanthanagar,87.73,87.30991652320473,-0.4200834767952699,-0.4788367454636611,0.3097395893082437,2.9702693480557767,-3.18866253321523,0.4788367454636611,0.3097395893082437,3.18866253321523,0,0,0,0,0,Normal
2026-03-01,127_moodalapalya,125.57,125.0478526135657,-0.5221473864342983,-0.4158217619131148,7.269908616187987,4.664857982832797,3.2027631682235644,0.4158217619131148,7.269908616187987,3.2027631682235644,0,0,0,0,0,Normal
2026-03-01,98_prakashnagar,78.84,78.55037342943251,-0.2896265705674921,-0.3673599322266515,-0.3622425340129008,1.8561339750495784,-2.134789623929501,0.3673599322266515,0.3622425340129008,2.134789623929501,0,0,0,0,0,Normal
2026-03-01,23_nagavara,187.37,188.02310907574716,0.6531090757471247,0.3485665131809387,2.4440101131453056,3.039347517697286,0.9274471355132756,0.3485665131809387,2.4440101131453056,0.9274471355132756,0,0,0,0,0,Normal
2026-03-01,191_singsandra,43.86,43.76429538896289,-0.0957046110371067,-0.218204767526463,7.61721752498077,1.5486230442988194,3.6650377609951104,0.218204767526463,7.61721752498077,3.6650377609951104,0,0,0,0,0,Normal
2026-03-01,47_devarajeevanahalli,79.48,79.32798824240331,-0.1520117575966963,-0.1912578731714851,-0.1295986622073647,0.5658032638057942,-0.9084121453459484,0.1912578731714851,0.1295986622073647,0.9084121453459484,0,0,0,0,0,Normal
2026-03-01,42_lakshmidevinagar,107.14,107.00857812768132,-0.1314218723186826,-0.122663685195709,3.23351786612984,3.877838745143131,-0.0274147857077594,0.122663685195709,3.23351786612984,0.0274147857077594,0,0,0,0,0,Normal
2026-03-01,36_mathikere,87.41,87.3596177196626,-0.0503822803374021,-0.0576390348214187,-0.4321128041846662,0.9204890004774524,-0.6129398410896618,0.0576390348214187,0.4321128041846662,0.6129398410896618,0,0,0,0,0,Normal
2026-03-01,54_hoodi,343.15,343.2180534284233,0.0680534284232976,0.0198319768099366,5.780689532505262,5.107181218637334,3.9805344290001945,0.0198319768099366,5.780689532505262,3.9805344290001945,0,0,0,0,0,Normal
2026-03-01,40_doddabidirakalu,0.0,0.7485431874606875,0.7485431874606875,,0.0,0.0,0.0,,0.0,0.0,0,0,0,0,0,Normal
