Month	Ward number 	Ward Name	Number of Connectionss	Consumption in ML
01-04-2025	1	Kempegowda Ward	4125	114.7
01-04-2025	2	Chowdeshwari Ward	456	10.9
01-04-2025	3	Attur	5911	187.01
01-04-2025	4	Yelahanka Satellite town	7710	415.53
01-04-2025	5	Jakkur	3686	117.07
01-04-2025	6	Thanisandra	2739	56.83
01-04-2025	7	Byatarayanapura	9646	321.35
01-04-2025	8	Kodigehalli	5312	145.84
01-04-2025	9	Vidyaranyapura	12933	425.62
01-04-2025	10	Doddabommasandra	1806	28.09
01-04-2025	11	Kuvempunagar	4321	64.69
01-04-2025	12	Shettyhalli	6599	129.36
01-04-2025	13	Mallasandra	4475	80.07
01-04-2025	14	Bagalagunte	8716	234.67
01-04-2025	14	sidedahalli	1447	30.21
01-04-2025	15	T. Dasarahalli	4558	172.25
01-04-2025	16	Jalahalli	3106	101.22
01-04-2025	17	J.P.Park	5728	130.19
01-04-2025	18	Radhakrishna Temple Ward	5517	104.81
01-04-2025	19	Sanjaynagar	5795	83.49
01-04-2025	20	Ganganagar	3321	76.76
01-04-2025	21	Hebbal	7423	171.61
01-04-2025	22	VishwanathNagenahalli	3273	85.78
01-04-2025	23	Nagavara	9013	199.59
01-04-2025	24	HBR Layout	8000	251.42
01-04-2025	25	Horamavu	5195	95.32
01-04-2025	26	Ramamurthynagar	9245	259.71
01-04-2025	27	Banasawadi	9565	292.73
01-04-2025	28	Kammanahalli	6629	187.25
01-04-2025	29	Kacharakanahalli	4843	140.21
01-04-2025	30	Kadugondanahalli	5207	137.32
01-04-2025	31	Kushalnagar	3141	57.32
01-04-2025	32	Kavalbyrasandra	5575	117.82
01-04-2025	33	Manorayanapalya	2646	58.59
01-04-2025	34	Gangenahalli	2319	53.63
01-04-2025	35	Aramane Nagar	2945	81.55
01-04-2025	36	Mathikere	4132	93.11
01-04-2025	37	Yeshwanthpur	3184	66.86
01-04-2025	38	H.M.T	3651	144.79
01-04-2025	39	Chokkasandra	5777	154.95
01-04-2025	40	Doddabidirakalu	1	0
01-04-2025	41	Peenya Industrial Area	6934	206.45
01-04-2025	42	Lakshmidevinagar	5139	115.56
01-04-2025	43	Nandini Layout	6431	162.55
01-04-2025	44	Marappanahalli	4440	128.2
01-04-2025	45	Malleshwaram	3649	111.08
01-04-2025	46	Jayachamarajendra Nagar	5311	200.64
01-04-2025	47	Devarajeevanahalli	3756	79.63
01-04-2025	48	Muneshwaranagar	2190	36.97
01-04-2025	49	Lingarajapura	5704	98.9
01-04-2025	50	Benniganahalli	5873	393.16
01-04-2025	51	Vijinapura	6164	130.3
01-04-2025	52	K.R.Puram	8758	166.47
01-04-2025	53	Basavanapura	7839	180.35
01-04-2025	54	Hoodi	5061	311.37
01-04-2025	55	Devasandra	3181	85.56
01-04-2025	56	A. Narayanapura	8391	230.23
01-04-2025	57	C.V. Ramannagar	3235	98.7
01-04-2025	58	Hosathippasandra	6011	165.38
01-04-2025	59	Maruthiseva Nagar	5621	164.06
01-04-2025	60	Sagayapuram	4404	100.83
01-04-2025	61	S.K. Garden	2886	83.86
01-04-2025	62	Ramaswamy palya	3129	83.76
01-04-2025	63	Jayamahal	3068	124.91
01-04-2025	64	Rajamahal	3690	95.26
01-04-2025	65	Kadumalleshwara	5599	164.13
01-04-2025	66	Subramanyanagar	4279	131.37
01-04-2025	67	Nagapura	5780	189.79
01-04-2025	68	Mahalakshmipuram	5083	138.51
01-04-2025	69	Laggere	10189	259.23
01-04-2025	70	Rajagopalanagar	8212	209.44
01-04-2025	71	Hegganahalli	8632	243.06
01-04-2025	72	Herohalli	10279	219.96
01-04-2025	73	Kottigepalya	8428	219.85
01-04-2025	74	Shakthiganapathi nagar	6104	164.24
01-04-2025	75	Shankaramata	5201	159.44
01-04-2025	76	Gayathrinagar	4364	117.99
01-04-2025	77	Dattathreya Temple	4474	118.81
01-04-2025	78	Pulikeshinagar	3585	122.16
01-04-2025	79	Sarvagnanagar	3457	82.76
01-04-2025	80	Hoysalanagar	5472	162.83
01-04-2025	81	Vignananagar	6961	203.26
01-04-2025	82	Garudacharpalya	4322	182.53
01-04-2025	83	Kadugodi	859	31.74
01-04-2025	84	Hagadooru	1988	99.94
01-04-2025	85	Doddanekkundi	5543	317.52
01-04-2025	85	Varthur	708	68.36
01-04-2025	86	Marathalli	4521	158.91
01-04-2025	87	HAL Airport	4360	94.93
01-04-2025	88	Jeevanbhimanagar	6014	163.31
01-04-2025	89	Jogupalya	4074	133.49
01-04-2025	90	Ulsoor	5595	333.61
01-04-2025	91	Bharathinagar	2233	108.84
01-04-2025	92	Shivajinagar	5116	193.68
01-04-2025	93	Vasanthnagar	3733	277.32
01-04-2025	94	Gandhinagar	4769	350.22
01-04-2025	95	Subhashnagar	3090	61.12
01-04-2025	96	Okalipuram	3416	139.88
01-04-2025	97	Dayanandanagar	3492	83.97
01-04-2025	98	Prakashnagar	3074	82.36
01-04-2025	99	Rajajinagar	3908	119.79
01-04-2025	100	Basaveshwaranagar	5760	177.26
01-04-2025	101	Kamakshipalya	3679	102.95
01-04-2025	102	Vrushabhavathi Nagar	4170	108.23
01-04-2025	103	Kaveripura	5038	120.28
01-04-2025	104	Govindrajnagara	2867	69.12
01-04-2025	105	Agrahara Dasarahalli	3205	106.43
01-04-2025	106	Dr. Rajkumar Ward	2468	90.88
01-04-2025	107	Shivanagar	2453	92.23
01-04-2025	108	Srirammandira ward	4675	125.64
01-04-2025	109	Chikpet	5590	115.2
01-04-2025	110	Sampangiramnagar	3021	137.8
01-04-2025	111	Shanthala Nagar	3773	241.22
01-04-2025	112	Dommalur	4743	211.98
01-04-2025	113	Konena Agrahara	3932	131.51
01-04-2025	114	Agaram	2927	152.89
01-04-2025	115	Vannarpet	5169	111
01-04-2025	116	Neelasandra	2635	63.04
01-04-2025	117	Shanthinagar	6204	257.64
01-04-2025	118	Sudamnagar	5136	99.74
01-04-2025	119	Dharmarayaswamy Temple Ward	4952	99.4
01-04-2025	120	Cottonpet	3062	65.28
01-04-2025	121	Binnypet	4552	106.7
01-04-2025	122	Kempapura Agrahara	3878	86.66
01-04-2025	123	Vijaynagar	3591	94.86
01-04-2025	124	Hosahalli	4505	121.1
01-04-2025	125	Marenahalli	3378	94.62
01-04-2025	126	Maruthi Mandira Ward	4020	108.37
01-04-2025	127	Moodalapalya	5827	147.14
01-04-2025	128	Nagarabhavi	10788	281.93
01-04-2025	129	Jnanabharathi ward	13690	363.63
01-04-2025	130	Ullalu	8778	201.38
01-04-2025	131	Nayandanahalli	4328	139.38
01-04-2025	132	Attiguppe	5466	185.87
01-04-2025	133	Hampinagar	3033	86.64
01-04-2025	134	Bapujinagar	4450	142.84
01-04-2025	135	Padarayanapura	2000	73.7
01-04-2025	136	Jagareevanram Nagar	4825	134.73
01-04-2025	137	Rayapuram	3451	88.18
01-04-2025	138	Chalavadipalya	2412	56.77
01-04-2025	139	K.R. Market	2931	53.52
01-04-2025	140	Chamrajpet	4797	171.7
01-04-2025	141	Azadnagar	4019	110.04
01-04-2025	142	Sunkenahalli	2843	66.38
01-04-2025	143	Vishweshrapuram	4751	119.44
01-04-2025	144	Siddapura	4541	121.53
01-04-2025	145	Hombegowdanagar	6496	200.06
01-04-2025	146	Lakkasandra	2834	104.55
01-04-2025	147	Adugodi	3402	109.28
01-04-2025	148	Ejipura	4773	140.99
01-04-2025	149	Varthur	3299	150.54
01-04-2025	150	Bellandur	4468	363.73
01-04-2025	151	Koramangala	7103	289.52
01-04-2025	152	Sudduguntepalya	4054	153.16
01-04-2025	153	Jayanagar	339	8.47
01-04-2025	153	Jayangar	3638	177
01-04-2025	154	Basavanagudi	5783	145.01
01-04-2025	155	Hanumanthanagar	4129	98.16
01-04-2025	156	Srinagar	5661	148.58
01-04-2025	157	Gali Anjaneya swamy Temple Ward	5379	142.84
01-04-2025	158	Deepanjali Nagar	2932	85.05
01-04-2025	159	Kengeri	14325	289.82
01-04-2025	160	Rajarajeshwarinagar	16092	466.92
01-04-2025	161	Hosakerehalli	7344	186.91
01-04-2025	162	Girinagar	7691	195.05
01-04-2025	163	Katriguppe	6548	155.45
01-04-2025	164	Vidyapeetha Ward	4720	111.14
01-04-2025	165	Ganeshmandira Ward	4481	121.06
01-04-2025	166	Karisandra	4632	124.53
01-04-2025	167	Yadiyuru	4386	111.26
01-04-2025	168	Pattabhiramnagar	4307	150.94
01-04-2025	169	Byrasandra	3834	123.92
01-04-2025	170	Jayanagar East	3877	110.37
01-04-2025	171	Gurappanapalya	4049	180.7
01-04-2025	172	Madiwala	5543	174.18
01-04-2025	173	Jakkasandra	2844	139.54
01-04-2025	174	HSR Layout	14047	589.04
01-04-2025	175	Bommanahalli	6462	297.31
01-04-2025	176	BTM Layout	7534	262.96
01-04-2025	177	J.P.Nagar	5600	185.89
01-04-2025	178	Sarakki	5634	185.99
01-04-2025	179	Shakambarinagar	3777	120.01
01-04-2025	180	Banashankari Temple Ward	5161	124.02
01-04-2025	181	Kumaraswamy Layout	8342	284.52
01-04-2025	182	Padmanabhanagar	6033	193.94
01-04-2025	183	Chikkallasandra	5157	136.88
01-04-2025	184	Uttarahalli	8753	343.42
01-04-2025	185	Yelachenahalli	6254	193.81
01-04-2025	186	Jaraganahalli	3040	86.49
01-04-2025	187	Puttenahalli	4568	156.11
01-04-2025	188	Bilekahalli	4381	257.4
01-04-2025	189	Hongasandra	8261	361.2
01-04-2025	190	Mangammanapalya	3166	91.17
01-04-2025	191	Singasandra	3301	134.07
01-04-2025	191	Singsandra	900	36.5
01-04-2025	192	Begur	5945	322.32
01-04-2025	193	Arakere	9960	365.94
01-04-2025	194	Gottigere	3488	104.74
01-04-2025	195	Konanakunte	9935	308.44
01-04-2025	196	Anjanapura	7294	278.96
01-04-2025	197	Vasanthapura	4342	167.12
01-04-2025	198	Hemmigepura	3752	82.15
01-05-2025	1	Kempegowda Ward	4216	117.162903
01-05-2025	2	Chowdeshwari Ward	460	9.834984
01-05-2025	3	Attur	6021	172.740708
01-05-2025	4	Yelahanka Satellite town	7738	394.049364
01-05-2025	5	Jakkur	3701	106.378915
01-05-2025	6	Thanisandra	3254	58.276968
01-05-2025	7	Byatarayanapura	9677	293.991676
01-05-2025	8	Kodigehalli	5326	129.718842
01-05-2025	9	Vidyaranyapura	12937	413.968716
01-05-2025	10	Doddabommasandra	1815	27.946927
01-05-2025	11	Kuvempunagar	4379	64.060929
01-05-2025	12	Shettyhalli	6941	141.255896
01-05-2025	13	Mallasandra	4488	75.69585
01-05-2025	14	Bagalagunte	8755	235.373706
01-05-2025	14	sidedahalli	1484	35.449991
01-05-2025	15	T. Dasarahalli	4563	154.369729
01-05-2025	16	Jalahalli	3106	96.624712
01-05-2025	17	J.P.Park	5734	123.920567
01-05-2025	18	Radhakrishna Temple Ward	5518	99.818419
01-05-2025	19	Sanjaynagar	5805	81.705648
01-05-2025	20	Ganganagar	3323	75.431677
01-05-2025	21	Hebbal	7440	166.686508
01-05-2025	22	VishwanathNagenahalli	3273	81.647843
01-05-2025	23	Nagavara	9030	198.581714
01-05-2025	24	HBR Layout	8045	254.881725
01-05-2025	25	Horamavu	5956	111.875924
01-05-2025	26	Ramamurthynagar	9275	258.446783
01-05-2025	27	Banasawadi	9588	290.771626
01-05-2025	28	Kammanahalli	6629	187.375704
01-05-2025	29	Kacharakanahalli	4855	137.356726
01-05-2025	30	Kadugondanahalli	5211	137.676756
01-05-2025	31	Kushalnagar	3145	55.447731
01-05-2025	32	Kavalbyrasandra	5575	119.65161
01-05-2025	33	Manorayanapalya	2656	61.842865
01-05-2025	34	Gangenahalli	2322	53.024765
01-05-2025	35	Aramane Nagar	2949	78.241563
01-05-2025	36	Mathikere	4135	87.519487
01-05-2025	37	Yeshwanthpur	3203	62.124588
01-05-2025	38	H.M.T	3651	142.55859
01-05-2025	39	Chokkasandra	5789	137.460621
01-05-2025	40	Doddabidirakalu	1	-2.00E-06
01-05-2025	41	Peenya Industrial Area	7180	200.330235
01-05-2025	42	Lakshmidevinagar	5139	110.827626
01-05-2025	43	Nandini Layout	6435	157.265414
01-05-2025	44	Marappanahalli	4440	125.935334
01-05-2025	45	Malleshwaram	3652	110.049451
01-05-2025	46	Jayachamarajendra Nagar	5315	194.482461
01-05-2025	47	Devarajeevanahalli	3758	81.421968
01-05-2025	48	Muneshwaranagar	2197	36.84481
01-05-2025	49	Lingarajapura	5709	99.4827
01-05-2025	50	Benniganahalli	5875	381.666539
01-05-2025	51	Vijinapura	6182	133.152879
01-05-2025	52	K.R.Puram	8774	160.446882
01-05-2025	53	Basavanapura	7944	167.134908
01-05-2025	54	Hoodi	5112	328.625894
01-05-2025	55	Devasandra	3201	80.751933
01-05-2025	56	A. Narayanapura	8394	227.52469
01-05-2025	57	C.V. Ramannagar	3243	82.7016
01-05-2025	58	Hosathippasandra	6018	155.931423
01-05-2025	59	Maruthiseva Nagar	5620	164.620274
01-05-2025	60	Sagayapuram	4413	97.762688
01-05-2025	61	S.K. Garden	2885	82.263737
01-05-2025	62	Ramaswamy palya	3129	78.322695
01-05-2025	63	Jayamahal	3070	114.152557
01-05-2025	64	Rajamahal	3692	89.709442
01-05-2025	65	Kadumalleshwara	5601	158.470048
01-05-2025	66	Subramanyanagar	4280	128.363623
01-05-2025	67	Nagapura	5781	178.880286
01-05-2025	68	Mahalakshmipuram	5090	131.653722
01-05-2025	69	Laggere	10193	249.190249
01-05-2025	70	Rajagopalanagar	8234	207.697362
01-05-2025	71	Hegganahalli	8638	234.217365
01-05-2025	72	herohalli	10449	211.033904
01-05-2025	73	Kottigepalya	8440	205.043573
01-05-2025	74	Shakthiganapathi nagar	6105	163.552597
01-05-2025	75	Shankaramata	5202	151.333702
01-05-2025	76	Gayathrinagar	4368	119.317522
01-05-2025	77	Dattathreya Temple	4479	115.475364
01-05-2025	78	Pulikeshinagar	3600	119.374291
01-05-2025	79	Sarvagnanagar	3447	79.854556
01-05-2025	80	Hoysalanagar	5468	161.85611
01-05-2025	81	Vignananagar	7006	196.452815
01-05-2025	82	Garudacharpalya	4335	192.16685
01-05-2025	83	Kadugodi	893	41.809977
01-05-2025	84	Hagadooru	1997	115.898916
01-05-2025	85	Doddanekkundi	5585	352.123801
01-05-2025	85	Varthur	874	80.608999
01-05-2025	86	Marathalli	4552	152.061627
01-05-2025	87	HAL Airport	4368	92.994894
01-05-2025	88	Jeevanbhimanagar	6009	154.661774
01-05-2025	89	Jogupalya	4072	133.944481
01-05-2025	90	Ulsoor	5602	334.134066
01-05-2025	91	Bharathinagar	2232	98.87974
01-05-2025	92	Shivajinagar	5127	210.734564
01-05-2025	93	Vasanthnagar	3732	247.833114
01-05-2025	94	Gandhinagar	4770	355.686467
01-05-2025	95	Subhashnagar	3091	58.777722
01-05-2025	96	Okalipuram	3419	141.619605
01-05-2025	97	Dayanandanagar	3495	83.033573
01-05-2025	98	Prakashnagar	3075	79.914633
01-05-2025	99	Rajajinagar	3914	111.847578
01-05-2025	100	Basaveshwaranagar	5761	170.032536
01-05-2025	101	Kamakshipalya	3681	101.161744
01-05-2025	102	Vrushabhavathi Nagar	4170	109.047777
01-05-2025	103	Kaveripura	5036	106.625786
01-05-2025	104	Govindrajnagara	2875	70.830807
01-05-2025	105	Agrahara Dasarahalli	3208	94.969715
01-05-2025	106	Dr. Rajkumar Ward	2468	83.199639
01-05-2025	107	Shivanagar	2453	85.293681
01-05-2025	108	Srirammandira ward	4674	119.781149
01-05-2025	109	Chikpet	5596	107.323309
01-05-2025	110	Sampangiramnagar	3008	131.926355
01-05-2025	111	Shanthala Nagar	3775	232.39305
01-05-2025	112	Dommalur	4751	192.857449
01-05-2025	113	Konena Agrahara	3931	123.475721
01-05-2025	114	Agaram	2928	152.394739
01-05-2025	115	Vannarpet	5170	108.132011
01-05-2025	116	Neelasandra	2637	63.282671
01-05-2025	117	Shanthinagar	6207	254.725243
01-05-2025	118	Sudamnagar	5143	97.420952
01-05-2025	119	Dharmarayaswamy Temple Ward	4963	95.417962
01-05-2025	120	Cottonpet	3063	60.490453
01-05-2025	121	Binnypet	4567	103.995717
01-05-2025	122	Kempapura Agrahara	3880	85.911877
01-05-2025	123	Vijaynagar	3594	91.408822
01-05-2025	124	Hosahalli	4506	118.094825
01-05-2025	125	Marenahalli	3389	90.983812
01-05-2025	126	Maruthi Mandira Ward	4021	104.771818
01-05-2025	127	Moodalapalya	5838	134.324715
01-05-2025	128	Nagarabhavi	10806	269.50334
01-05-2025	129	Jnanabharathi ward	13728	345.978554
01-05-2025	130	Ullalu	8861	193.780847
01-05-2025	131	Nayandanahalli	4342	127.168738
01-05-2025	132	Attiguppe	5472	176.13573
01-05-2025	133	Hampinagar	3027	84.724916
01-05-2025	134	Bapujinagar	4445	134.983848
01-05-2025	135	Padarayanapura	2026	72.685915
01-05-2025	136	Jagareevanram Nagar	4823	129.442654
01-05-2025	137	Rayapuram	3459	82.687897
01-05-2025	138	Chalavadipalya	2391	55.44385
01-05-2025	139	K.R. Market	2928	51.025021
01-05-2025	140	Chamrajpet	4781	167.298275
01-05-2025	141	Azadnagar	4020	106.224727
01-05-2025	142	Sunkenahalli	2892	65.56778
01-05-2025	143	Vishweshrapuram	4731	118.150168
01-05-2025	144	Siddapura	4482	123.53897
01-05-2025	145	Hombegowdanagar	6512	195.781641
01-05-2025	146	Lakkasandra	2834	99.351478
01-05-2025	147	Adugodi	3410	111.336782
01-05-2025	148	Ejipura	4783	138.261629
01-05-2025	149	Varthur	3304	162.719888
01-05-2025	150	Bellandur	4586	366.236874
01-05-2025	151	Koramangala	7141	293.649218
01-05-2025	152	Sudduguntepalya	4065	150.231599
01-05-2025	153	Jayanagar	339	8.532939
01-05-2025	153	Jayangar	3639	177.259488
01-05-2025	154	Basavanagudi	5790	145.827207
01-05-2025	155	Hanumanthanagar	4134	91.831765
01-05-2025	156	Srinagar	5669	150.041763
01-05-2025	157	Gali Anjaneya swamy Temple Ward	5380	144.656701
01-05-2025	158	Deepanjali Nagar	2932	84.863883
01-05-2025	159	Kengeri	14370	285.263301
01-05-2025	160	Rajarajeshwarinagar	16178	461.200442
01-05-2025	161	Hosakerehalli	7352	174.81071
01-05-2025	162	Girinagar	7722	191.641687
01-05-2025	163	Katriguppe	6514	148.072706
01-05-2025	164	Vidyapeetha Ward	4754	107.475651
01-05-2025	165	Ganeshmandira Ward	4492	114.317599
01-05-2025	166	Karisandra	4635	121.679634
01-05-2025	167	Yadiyuru	4395	110.009544
01-05-2025	168	Pattabhiramnagar	4310	143.078301
01-05-2025	169	Byrasandra	3834	118.080591
01-05-2025	170	Jayanagar East	3885	106.826715
01-05-2025	171	Gurappanapalya	4053	181.812726
01-05-2025	172	Madiwala	5565	174.516595
01-05-2025	173	Jakkasandra	2855	135.570756
01-05-2025	174	HSR Layout	14074	570.214951
01-05-2025	175	Bommanahalli	6496	292.759758
01-05-2025	176	BTM Layout	7547	256.100431
01-05-2025	177	J.P.Nagar	5605	184.008591
01-05-2025	178	Sarakki	5625	177.076511
01-05-2025	179	Shakambarinagar	3775	113.926578
01-05-2025	180	Banashankari Temple Ward	5167	118.676678
01-05-2025	181	Kumaraswamy Layout	8353	265.596624
01-05-2025	182	Padmanabhanagar	6033	181.428747
01-05-2025	183	Chikkallasandra	5161	135.428797
01-05-2025	184	Uttarahalli	9027	319.669838
01-05-2025	185	Yelachenahalli	6472	190.473755
01-05-2025	186	Jaraganahalli	3042	79.164828
01-05-2025	187	Puttenahalli	4586	153.1398
01-05-2025	188	Bilekahalli	4382	243.745832
01-05-2025	189	Hongasandra	8287	350.52686
01-05-2025	190	Mangammanapalya	3197	90.89089
01-05-2025	191	Singasandra	3366	130.493976
01-05-2025	191	Singsandra	906	35.801957
01-05-2025	192	Begur	6254	317.500943
01-05-2025	193	Arakere	9985	367.116503
01-05-2025	194	Gottigere	3616	97.966944
01-05-2025	195	Konanakunte	9973	295.339582
01-05-2025	196	Anjanapura	7529	277.485835
01-05-2025	197	Vasanthapura	4341	151.926934
01-05-2025	198	Hemmigepura	3932	87.627895
01-06-2025	1	Kempegowda Ward	4218	112.883906
01-06-2025	2	Chowdeshwari Ward	460	9.808984
01-06-2025	3	Attur	6109	170.257709
01-06-2025	4	Yelahanka Satellite town	7741	405.676363
01-06-2025	5	Jakkur	3752	108.076916
01-06-2025	6	Thanisandra	3568	53.430968
01-06-2025	7	Byatarayanapura	9681	300.193673
01-06-2025	8	Kodigehalli	5334	134.167843
01-06-2025	9	Vidyaranyapura	12942	413.181715
01-06-2025	10	Doddabommasandra	1821	28.410926
01-06-2025	11	Kuvempunagar	4395	65.055924
01-06-2025	12	Shettyhalli	7363	140.510895
01-06-2025	13	Mallasandra	4505	74.839848
01-06-2025	14	Bagalagunte	8761	232.996703
01-06-2025	14	sidedahalli	1530	40.214991
01-06-2025	15	T. Dasarahalli	4567	145.757728
01-06-2025	16	Jalahalli	3105	94.738711
01-06-2025	17	J.P.Park	5734	130.249564
01-06-2025	18	Radhakrishna Temple Ward	5520	100.244418
01-06-2025	19	Sanjaynagar	5805	85.176647
01-06-2025	20	Ganganagar	3328	72.917677
01-06-2025	21	Hebbal	7455	168.077498
01-06-2025	22	VishwanathNagenahalli	3277	79.76684
01-06-2025	23	Nagavara	9052	198.719715
01-06-2025	24	HBR Layout	8075	240.231719
01-06-2025	25	Horamavu	6532	122.770924
01-06-2025	26	Ramamurthynagar	9330	263.872784
01-06-2025	27	Banasawadi	9609	288.539625
01-06-2025	28	Kammanahalli	6628	183.093704
01-06-2025	29	Kacharakanahalli	4861	134.685729
01-06-2025	30	Kadugondanahalli	5210	138.964754
01-06-2025	31	Kushalnagar	3137	58.157739
01-06-2025	32	Kavalbyrasandra	5576	112.744608
01-06-2025	33	Manorayanapalya	2664	59.735868
01-06-2025	34	Gangenahalli	2322	48.011764
01-06-2025	35	Aramane Nagar	2953	79.791557
01-06-2025	36	Mathikere	4135	90.985492
01-06-2025	37	Yeshwanthpur	3208	61.783584
01-06-2025	38	H.M.T	3654	137.555591
01-06-2025	39	Chokkasandra	5811	140.930617
01-06-2025	40	Doddabidirakalu	1	-2.00E-06
01-06-2025	41	Peenya Industrial Area	7549	195.207224
01-06-2025	42	Lakshmidevinagar	5141	105.117626
01-06-2025	43	Nandini Layout	6437	154.325416
01-06-2025	44	Marappanahalli	4439	124.247324
01-06-2025	45	Malleshwaram	3652	105.58145
01-06-2025	46	Jayachamarajendra Nagar	5320	181.330459
01-06-2025	47	Devarajeevanahalli	3766	80.001968
01-06-2025	48	Muneshwaranagar	2197	37.13181
01-06-2025	49	Lingarajapura	5721	95.288697
01-06-2025	50	Benniganahalli	5855	367.850544
01-06-2025	51	Vijinapura	6196	129.934883
01-06-2025	52	K.R.Puram	8831	168.301882
01-06-2025	53	Basavanapura	8086	188.70491
01-06-2025	54	Hoodi	5137	315.296895
01-06-2025	55	Devasandra	3223	81.481933
01-06-2025	56	A. Narayanapura	8396	228.107695
01-06-2025	57	C.V. Ramannagar	3244	81.322603
01-06-2025	58	Hosathippasandra	6020	151.458424
01-06-2025	59	Maruthiseva Nagar	5577	161.298277
01-06-2025	60	Sagayapuram	4406	98.364688
01-06-2025	61	S.K. Garden	2880	79.395742
01-06-2025	62	Ramaswamy palya	3129	78.750696
01-06-2025	63	Jayamahal	3072	119.963553
01-06-2025	64	Rajamahal	3692	92.203438
01-06-2025	65	Kadumalleshwara	5601	157.508054
01-06-2025	66	Subramanyanagar	4280	121.23062
01-06-2025	67	Nagapura	5780	176.13729
01-06-2025	68	Mahalakshmipuram	5090	119.764729
01-06-2025	69	Laggere	10212	248.021244
01-06-2025	70	Rajagopalanagar	8244	201.164368
01-06-2025	71	Hegganahalli	8643	241.877364
01-06-2025	72	herohalli	10672	206.230903
01-06-2025	73	Kottigepalya	8452	204.271573
01-06-2025	74	Shakthiganapathi nagar	6108	161.789599
01-06-2025	75	Shankaramata	5206	148.415701
01-06-2025	76	Gayathrinagar	4371	118.492529
01-06-2025	77	Dattathreya Temple	4480	115.808363
01-06-2025	78	Pulikeshinagar	3576	118.685301
01-06-2025	79	Sarvagnanagar	3434	79.998555
01-06-2025	80	Hoysalanagar	5465	154.061095
01-06-2025	81	Vignananagar	7018	199.512806
01-06-2025	82	Garudacharpalya	4339	188.172849
01-06-2025	83	Kadugodi	937	46.608975
01-06-2025	84	Hagadooru	1998	123.214916
01-06-2025	85	Doddanekkundi	5600	349.213803
01-06-2025	85	Varthur	1000	90.128999
01-06-2025	86	Marathalli	4592	158.856624
01-06-2025	87	HAL Airport	4369	93.435892
01-06-2025	88	Jeevanbhimanagar	6008	152.305768
01-06-2025	89	Jogupalya	4071	128.261486
01-06-2025	90	Ulsoor	5605	327.026064
01-06-2025	91	Bharathinagar	2232	96.06074
01-06-2025	92	Shivajinagar	5135	208.052563
01-06-2025	93	Vasanthnagar	3732	253.786112
01-06-2025	94	Gandhinagar	4770	384.449458
01-06-2025	95	Subhashnagar	3091	59.783722
01-06-2025	96	Okalipuram	3419	131.033607
01-06-2025	97	Dayanandanagar	3496	84.843577
01-06-2025	98	Prakashnagar	3074	82.649624
01-06-2025	99	Rajajinagar	3920	115.832573
01-06-2025	100	Basaveshwaranagar	5763	172.070536
01-06-2025	101	Kamakshipalya	3682	95.97975
01-06-2025	102	Vrushabhavathi Nagar	4171	99.551777
01-06-2025	103	Kaveripura	5037	108.619788
01-06-2025	104	Govindrajnagara	2877	67.934803
01-06-2025	105	Agrahara Dasarahalli	3209	93.150714
01-06-2025	106	Dr. Rajkumar Ward	2469	85.758641
01-06-2025	107	Shivanagar	2454	88.380684
01-06-2025	108	Srirammandira ward	4675	118.221152
01-06-2025	109	Chikpet	5597	113.139306
01-06-2025	110	Sampangiramnagar	3008	132.975356
01-06-2025	111	Shanthala Nagar	3775	234.345048
01-06-2025	112	Dommalur	4756	198.061445
01-06-2025	113	Konena Agrahara	3932	131.062724
01-06-2025	114	Agaram	2928	157.703739
01-06-2025	115	Vannarpet	5170	108.512011
01-06-2025	116	Neelasandra	2639	63.21267
01-06-2025	117	Shanthinagar	6210	246.346237
01-06-2025	118	Sudamnagar	5143	102.94595
01-06-2025	119	Dharmarayaswamy Temple Ward	4968	99.841961
01-06-2025	120	Cottonpet	3063	63.654457
01-06-2025	121	Binnypet	4568	105.210713
01-06-2025	122	Kempapura Agrahara	3892	88.038879
01-06-2025	123	Vijaynagar	3600	93.564817
01-06-2025	124	Hosahalli	4507	117.534827
01-06-2025	125	Marenahalli	3389	94.15481
01-06-2025	126	Maruthi Mandira Ward	4021	101.675819
01-06-2025	127	Moodalapalya	5843	134.363714
01-06-2025	128	Nagarabhavi	10830	260.820342
01-06-2025	129	Jnanabharathi ward	13787	333.93756
01-06-2025	130	Ullalu	9012	193.315846
01-06-2025	131	Nayandanahalli	4349	124.739735
01-06-2025	132	Attiguppe	5472	173.85573
01-06-2025	133	Hampinagar	3027	84.487917
01-06-2025	134	Bapujinagar	4458	132.311846
01-06-2025	135	Padarayanapura	2027	73.043915
01-06-2025	136	Jagareevanram Nagar	4827	131.270654
01-06-2025	137	Rayapuram	3459	81.732898
01-06-2025	138	Chalavadipalya	2391	55.790851
01-06-2025	139	K.R. Market	2928	54.062027
01-06-2025	140	Chamrajpet	4785	165.876273
01-06-2025	141	Azadnagar	4026	109.803729
01-06-2025	142	Sunkenahalli	2893	66.158773
01-06-2025	143	Vishweshrapuram	4732	122.120172
01-06-2025	144	Siddapura	4483	127.001971
01-06-2025	145	Hombegowdanagar	6521	199.944646
01-06-2025	146	Lakkasandra	2834	95.688479
01-06-2025	147	Adugodi	3410	108.204782
01-06-2025	148	Ejipura	4786	138.668628
01-06-2025	149	Varthur	3304	167.414887
01-06-2025	150	Bellandur	4766	334.916877
01-06-2025	151	Koramangala	7146	290.214217
01-06-2025	152	Sudduguntepalya	4073	144.292601
01-06-2025	153	Jayanagar	340	9.71594
01-06-2025	153	Jayangar	3643	168.700485
01-06-2025	154	Basavanagudi	5792	137.534205
01-06-2025	155	Hanumanthanagar	4137	88.739762
01-06-2025	156	Srinagar	5672	143.67676
01-06-2025	157	Gali Anjaneya swamy Temple Ward	5382	138.8667
01-06-2025	158	Deepanjali Nagar	2933	77.106885
01-06-2025	159	Kengeri	14453	290.123297
01-06-2025	160	Rajarajeshwarinagar	16297	454.761435
01-06-2025	161	Hosakerehalli	7363	168.984706
01-06-2025	162	Girinagar	7733	192.095687
01-06-2025	163	Katriguppe	6518	146.495708
01-06-2025	164	Vidyapeetha Ward	4754	108.01665
01-06-2025	165	Ganeshmandira Ward	4494	111.421596
01-06-2025	166	Karisandra	4636	121.137637
01-06-2025	167	Yadiyuru	4395	108.17055
01-06-2025	168	Pattabhiramnagar	4302	151.57331
01-06-2025	169	Byrasandra	3839	117.212586
01-06-2025	170	Jayanagar East	3888	104.894709
01-06-2025	171	Gurappanapalya	4061	185.442721
01-06-2025	172	Madiwala	5570	173.184595
01-06-2025	173	Jakkasandra	2855	126.029759
01-06-2025	174	HSR Layout	14105	572.166949
01-06-2025	175	Bommanahalli	6504	297.594763
01-06-2025	176	BTM Layout	7549	258.409435
01-06-2025	177	J.P.Nagar	5613	176.659589
01-06-2025	178	Sarakki	5619	177.153531
01-06-2025	179	Shakambarinagar	3774	113.19858
01-06-2025	180	Banashankari Temple Ward	5171	120.24768
01-06-2025	181	Kumaraswamy Layout	8364	269.272627
01-06-2025	182	Padmanabhanagar	6036	184.283748
01-06-2025	183	Chikkallasandra	5170	132.392797
01-06-2025	184	Uttarahalli	9119	327.472837
01-06-2025	185	Yelachenahalli	6523	198.628751
01-06-2025	186	Jaraganahalli	3043	83.844829
01-06-2025	187	Puttenahalli	4605	155.1418
01-06-2025	188	Bilekahalli	4393	254.096835
01-06-2025	189	Hongasandra	8314	352.880862
01-06-2025	190	Mangammanapalya	3214	91.500888
01-06-2025	191	Singasandra	3620	135.718974
01-06-2025	191	Singsandra	952	38.057957
01-06-2025	192	Begur	6490	316.796943
01-06-2025	193	Arakere	9995	362.9845
01-06-2025	194	Gottigere	3671	99.342945
01-06-2025	195	Konanakunte	10054	298.778588
01-06-2025	196	Anjanapura	7857	285.093835
01-06-2025	197	Vasanthapura	4315	153.019933
01-06-2025	198	Hemmigepura	4120	95.993893
01-07-2025	1	Kempegowda Ward	4240	116.97
01-07-2025	2	Chowdeshwari Ward	461	25.69
01-07-2025	3	Attur	6231	180.05
01-07-2025	4	Yelahanka Satellite town	7744	373.52
01-07-2025	5	Jakkur	3805	102.19
01-07-2025	6	Thanisandra	3696	59.43
01-07-2025	7	Byatarayanapura	9693	285.44
01-07-2025	8	Kodigehalli	5352	129.2
01-07-2025	9	Vidyaranyapura	12957	383.3
01-07-2025	10	Doddabommasandra	1830	27.82
01-07-2025	11	Kuvempunagar	4410	63.2
01-07-2025	12	Shettyhalli	7795	135.78
01-07-2025	13	Mallasandra	4514	75.36
01-07-2025	14	Bagalagunte	8777	226.23
01-07-2025	14	sidedahalli	1556	38.3
01-07-2025	15	T. Dasarahalli	4573	149.83
01-07-2025	16	Jalahalli	3105	99.09
01-07-2025	17	J.P.Park	5734	125.86
01-07-2025	18	Radhakrishna Temple Ward	5515	98.61
01-07-2025	19	Sanjaynagar	5815	83.11
01-07-2025	20	Ganganagar	3329	71.21
01-07-2025	21	Hebbal	7463	157.39
01-07-2025	22	VishwanathNagenahalli	3278	76.35
01-07-2025	23	Nagavara	9077	185.53
01-07-2025	24	HBR Layout	8121	237.47
01-07-2025	25	Horamavu	10381	146.72
01-07-2025	26	Ramamurthynagar	9438	255.89
01-07-2025	27	Banasawadi	9610	277.87
01-07-2025	28	Kammanahalli	6633	175.07
01-07-2025	29	Kacharakanahalli	4862	130.62
01-07-2025	30	Kadugondanahalli	5197	133.59
01-07-2025	31	Kushalnagar	3146	54.13
01-07-2025	32	Kavalbyrasandra	5577	108.68
01-07-2025	33	Manorayanapalya	2673	59.46
01-07-2025	34	Gangenahalli	2322	52.66
01-07-2025	35	Aramane Nagar	2959	81.92
01-07-2025	36	Mathikere	4139	86.16
01-07-2025	37	Yeshwanthpur	3212	61.95
01-07-2025	38	H.M.T	3654	141.6
01-07-2025	39	Chokkasandra	5832	135.79
01-07-2025	40	Doddabidirakalu	1	0
01-07-2025	41	Peenya Industrial Area	7930	205.09
01-07-2025	42	Lakshmidevinagar	5145	108.79
01-07-2025	43	Nandini Layout	6443	152.39
01-07-2025	44	Marappanahalli	4440	118.27
01-07-2025	45	Malleshwaram	3655	109.39
01-07-2025	46	Jayachamarajendra Nagar	5322	178.24
01-07-2025	47	Devarajeevanahalli	3769	81.01
01-07-2025	48	Muneshwaranagar	2198	36.37
01-07-2025	49	Lingarajapura	5728	92.37
01-07-2025	50	Benniganahalli	5856	339.2
01-07-2025	51	Vijinapura	6213	126.7
01-07-2025	52	K.R.Puram	8846	159.87
01-07-2025	53	Basavanapura	8180	196.29
01-07-2025	54	Hoodi	5151	320.46
01-07-2025	55	Devasandra	3256	81.75
01-07-2025	56	A. Narayanapura	8410	233.72
01-07-2025	57	C.V. Ramannagar	3263	78.66
01-07-2025	58	Hosathippasandra	6022	147.89
01-07-2025	59	Maruthiseva Nagar	5580	155.69
01-07-2025	60	Sagayapuram	4397	95.06
01-07-2025	61	S.K. Garden	2881	78.04
01-07-2025	62	Ramaswamy palya	3129	76.24
01-07-2025	63	Jayamahal	3074	124.13
01-07-2025	64	Rajamahal	3693	90.71
01-07-2025	65	Kadumalleshwara	5603	157.15
01-07-2025	66	Subramanyanagar	4280	122.24
01-07-2025	67	Nagapura	5786	175.92
01-07-2025	68	Mahalakshmipuram	5092	118.59
01-07-2025	69	Laggere	10223	244.65
01-07-2025	70	Rajagopalanagar	8274	203.46
01-07-2025	71	Hegganahalli	8654	231.78
01-07-2025	72	herohalli	10841	203.81
01-07-2025	73	Kottigepalya	8460	203.19
01-07-2025	74	Shakthiganapathi nagar	6108	155.92
01-07-2025	75	Shankaramata	5210	148.22
01-07-2025	76	Gayathrinagar	4372	112.13
01-07-2025	77	Dattathreya Temple	4482	110.84
01-07-2025	78	Pulikeshinagar	3577	117.11
01-07-2025	79	Sarvagnanagar	3431	81.21
01-07-2025	80	Hoysalanagar	5464	158.26
01-07-2025	81	Vignananagar	7047	203.49
01-07-2025	82	Garudacharpalya	4346	186.88
01-07-2025	83	Kadugodi	962	42.89
01-07-2025	84	Hagadooru	2003	117.83
01-07-2025	85	Doddanekkundi	5643	328.86
01-07-2025	85	Varthur	1081	84.51
01-07-2025	86	Marathalli	4632	156.44
01-07-2025	87	HAL Airport	4372	91.06
01-07-2025	88	Jeevanbhimanagar	6005	145.13
01-07-2025	89	Jogupalya	4069	131.16
01-07-2025	90	Ulsoor	5602	333.52
01-07-2025	91	Bharathinagar	2237	108.15
01-07-2025	92	Shivajinagar	5146	207.26
01-07-2025	93	Vasanthnagar	3735	236.53
01-07-2025	94	Gandhinagar	4773	355.45
01-07-2025	95	Subhashnagar	3091	60.53
01-07-2025	96	Okalipuram	3419	141.04
01-07-2025	97	Dayanandanagar	3497	83.02
01-07-2025	98	Prakashnagar	3074	84.73
01-07-2025	99	Rajajinagar	3922	113.8
01-07-2025	100	Basaveshwaranagar	5764	166.51
01-07-2025	101	Kamakshipalya	3682	95.7
01-07-2025	102	Vrushabhavathi Nagar	4173	94.63
01-07-2025	103	Kaveripura	5037	105.98
01-07-2025	104	Govindrajnagara	2880	66.76
01-07-2025	105	Agrahara Dasarahalli	3210	96.27
01-07-2025	106	Dr. Rajkumar Ward	2471	80.77
01-07-2025	107	Shivanagar	2454	88.36
01-07-2025	108	Srirammandira ward	4677	113.48
01-07-2025	109	Chikpet	5599	110.56
01-07-2025	110	Sampangiramnagar	3009	128.36
01-07-2025	111	Shanthala Nagar	3776	229.13
01-07-2025	112	Dommalur	4758	195.97
01-07-2025	113	Konena Agrahara	3936	122.6
01-07-2025	114	Agaram	2927	150.51
01-07-2025	115	Vannarpet	5172	107.23
01-07-2025	116	Neelasandra	2641	62.12
01-07-2025	117	Shanthinagar	6211	242.18
01-07-2025	118	Sudamnagar	5142	100.95
01-07-2025	119	Dharmarayaswamy Temple Ward	4977	100.52
01-07-2025	120	Cottonpet	3068	63.19
01-07-2025	121	Binnypet	4568	97.98
01-07-2025	122	Kempapura Agrahara	3902	83.09
01-07-2025	123	Vijaynagar	3605	82.15
01-07-2025	124	Hosahalli	4509	103.65
01-07-2025	125	Marenahalli	3392	90.52
01-07-2025	126	Maruthi Mandira Ward	4023	100.01
01-07-2025	127	Moodalapalya	5848	125.66
01-07-2025	128	Nagarabhavi	10844	266.41
01-07-2025	129	Jnanabharathi ward	13819	350.11
01-07-2025	130	Ullalu	9051	197.33
01-07-2025	131	Nayandanahalli	4357	125.09
01-07-2025	132	Attiguppe	5479	171.64
01-07-2025	133	Hampinagar	3027	77.97
01-07-2025	134	Bapujinagar	4463	121.66
01-07-2025	135	Padarayanapura	2028	71.03
01-07-2025	136	Jagareevanram Nagar	4823	126.52
01-07-2025	137	Rayapuram	3460	81.85
01-07-2025	138	Chalavadipalya	2391	52.87
01-07-2025	139	K.R. Market	2926	52.9
01-07-2025	140	Chamrajpet	4775	163.26
01-07-2025	141	Azadnagar	4024	107.78
01-07-2025	142	Sunkenahalli	2891	63.28
01-07-2025	143	Vishweshrapuram	4735	115.49
01-07-2025	144	Siddapura	4485	124.59
01-07-2025	145	Hombegowdanagar	6537	200.41
01-07-2025	146	Lakkasandra	2834	93.9
01-07-2025	147	Adugodi	3410	103.83
01-07-2025	148	Ejipura	4787	142.88
01-07-2025	149	Varthur	3310	162.36
01-07-2025	150	Bellandur	4916	390.78
01-07-2025	151	Koramangala	7152	307.53
01-07-2025	152	Sudduguntepalya	4074	148.29
01-07-2025	153	Jayanagar	340	8.04
01-07-2025	153	Jayangar	3643	166.24
01-07-2025	154	Basavanagudi	5795	139.75
01-07-2025	155	Hanumanthanagar	4138	88.23
01-07-2025	156	Srinagar	5673	141.8
01-07-2025	157	Gali Anjaneya swamy Temple Ward	5383	128.78
01-07-2025	158	Deepanjali Nagar	2936	74.66
01-07-2025	159	Kengeri	14480	295.02
01-07-2025	160	Rajarajeshwarinagar	16368	452.87
01-07-2025	161	Hosakerehalli	7365	171.35
01-07-2025	162	Girinagar	7733	182.82
01-07-2025	163	Katriguppe	6524	146.18
01-07-2025	164	Vidyapeetha Ward	4755	106.44
01-07-2025	165	Ganeshmandira Ward	4501	110.82
01-07-2025	166	Karisandra	4638	117.52
01-07-2025	167	Yadiyuru	4402	104.46
01-07-2025	168	Pattabhiramnagar	4303	147.42
01-07-2025	169	Byrasandra	3843	119.09
01-07-2025	170	Jayanagar East	3888	104.22
01-07-2025	171	Gurappanapalya	4062	183.1
01-07-2025	172	Madiwala	5575	165.32
01-07-2025	173	Jakkasandra	2856	139.12
01-07-2025	174	HSR Layout	14131	596.73
01-07-2025	175	Bommanahalli	6537	287.42
01-07-2025	176	BTM Layout	7555	259
01-07-2025	177	J.P.Nagar	5616	182.44
01-07-2025	178	Sarakki	5621	177.23
01-07-2025	179	Shakambarinagar	3775	111.38
01-07-2025	180	Banashankari Temple Ward	5175	118.99
01-07-2025	181	Kumaraswamy Layout	8385	258.92
01-07-2025	182	Padmanabhanagar	6043	177.66
01-07-2025	183	Chikkallasandra	5177	126.98
01-07-2025	184	Uttarahalli	9199	310
01-07-2025	185	Yelachenahalli	6626	194.72
01-07-2025	186	Jaraganahalli	3045	86.76
01-07-2025	187	Puttenahalli	4625	156.49
01-07-2025	188	Bilekahalli	4399	264.38
01-07-2025	189	Hongasandra	8337	350.71
01-07-2025	190	Mangammanapalya	3235	93.8
01-07-2025	191	Singasandra	3845	156.29
01-07-2025	191	Singsandra	953	36.54
01-07-2025	192	Begur	6715	332.33
01-07-2025	193	Arakere	10029	371.81
01-07-2025	194	Gottigere	3835	96.95
01-07-2025	195	Konanakunte	10134	300.36
01-07-2025	196	Anjanapura	8284	285.75
01-07-2025	197	Vasanthapura	4304	145.58
01-07-2025	198	Hemmigepura	4338	108.24
01-08-2025	1	Kempegowda Ward	4247	114.25
01-08-2025	2	Chowdeshwari Ward	463	23.62
01-08-2025	3	Attur	6278	173.1
01-08-2025	4	Yelahanka Satellite town	7750	390.73
01-08-2025	5	Jakkur	3846	106.07
01-08-2025	6	Thanisandra	3715	53.84
01-08-2025	7	Byatarayanapura	9705	285.71
01-08-2025	8	Kodigehalli	5392	127.78
01-08-2025	9	Vidyaranyapura	12962	390.23
01-08-2025	10	Doddabommasandra	1842	27.62
01-08-2025	11	Kuvempunagar	4462	60.42
01-08-2025	12	Shettyhalli	8074	136.85
01-08-2025	13	Mallasandra	4524	72.75
01-08-2025	14	Bagalagunte	8785	225.54
01-08-2025	14	sidedahalli	1569	40.96
01-08-2025	15	T. Dasarahalli	4582	145.97
01-08-2025	16	Jalahalli	3107	91.56
01-08-2025	17	J.P.Park	5739	129.52
01-08-2025	18	Radhakrishna Temple Ward	5517	97.96
01-08-2025	19	Sanjaynagar	5815	86.78
01-08-2025	20	Ganganagar	3332	69.12
01-08-2025	21	Hebbal	7468	158.48
01-08-2025	22	VishwanathNagenahalli	3283	75.76
01-08-2025	23	Nagavara	9071	190.71
01-08-2025	24	HBR Layout	8157	240.06
01-08-2025	25	Horamavu	11232	156.55
01-08-2025	26	Ramamurthynagar	9483	264.97
01-08-2025	27	Banasawadi	9624	277
01-08-2025	28	Kammanahalli	6633	179.32
01-08-2025	29	Kacharakanahalli	4869	129.55
01-08-2025	30	Kadugondanahalli	5131	132.02
01-08-2025	31	Kushalnagar	3147	56.33
01-08-2025	32	Kavalbyrasandra	5578	104.02
01-08-2025	33	Manorayanapalya	2682	59.74
01-08-2025	34	Gangenahalli	2321	47.17
01-08-2025	35	Aramane Nagar	2967	82.07
01-08-2025	36	Mathikere	4142	85.1
01-08-2025	37	Yeshwanthpur	3215	60.53
01-08-2025	38	H.M.T	3656	132.9
01-08-2025	39	Chokkasandra	5853	133.01
01-08-2025	40	Doddabidirakalu	1	0
01-08-2025	41	Peenya Industrial Area	8192	204.09
01-08-2025	42	Lakshmidevinagar	5147	106.77
01-08-2025	43	Nandini Layout	6449	157.67
01-08-2025	44	Marappanahalli	4441	122.21
01-08-2025	45	Malleshwaram	3656	108.38
01-08-2025	46	Jayachamarajendra Nagar	5326	182.14
01-08-2025	47	Devarajeevanahalli	3745	79.61
01-08-2025	48	Muneshwaranagar	2196	35.95
01-08-2025	49	Lingarajapura	5742	95.74
01-08-2025	50	Benniganahalli	5859	361.68
01-08-2025	51	Vijinapura	6269	129.81
01-08-2025	52	K.R.Puram	8885	168.31
01-08-2025	53	Basavanapura	8382	205.69
01-08-2025	54	Hoodi	5171	314.45
01-08-2025	55	Devasandra	3277	83.79
01-08-2025	56	A. Narayanapura	8410	225.82
01-08-2025	57	C.V. Ramannagar	3270	77.16
01-08-2025	58	Hosathippasandra	6022	151.59
01-08-2025	59	Maruthiseva Nagar	5585	162.23
01-08-2025	60	Sagayapuram	4264	96.18
01-08-2025	61	S.K. Garden	2881	77.56
01-08-2025	62	Ramaswamy palya	3129	78.46
01-08-2025	63	Jayamahal	3076	121.23
01-08-2025	64	Rajamahal	3692	90.22
01-08-2025	65	Kadumalleshwara	5605	159.48
01-08-2025	66	Subramanyanagar	4282	128.47
01-08-2025	67	Nagapura	5795	178.21
01-08-2025	68	Mahalakshmipuram	5094	136.54
01-08-2025	69	Laggere	10222	237.9
01-08-2025	70	Rajagopalanagar	8295	188.28
01-08-2025	71	Hegganahalli	8658	233.8
01-08-2025	72	herohalli	10947	209.7
01-08-2025	73	Kottigepalya	8468	202.67
01-08-2025	74	Shakthiganapathi nagar	6108	154.73
01-08-2025	75	Shankaramata	5211	146.31
01-08-2025	76	Gayathrinagar	4374	118.61
01-08-2025	77	Dattathreya Temple	4481	117.05
01-08-2025	78	Pulikeshinagar	3573	120.35
01-08-2025	79	Sarvagnanagar	3435	78.55
01-08-2025	80	Hoysalanagar	5463	153.01
01-08-2025	81	Vignananagar	7071	190.65
01-08-2025	82	Garudacharpalya	4357	183.68
01-08-2025	83	Kadugodi	1006	48.08
01-08-2025	84	Hagadooru	2003	120.59
01-08-2025	85	Doddanekkundi	5667	320.96
01-08-2025	85	Varthur	1353	94.25
01-08-2025	86	Marathalli	4669	159.32
01-08-2025	87	HAL Airport	4375	91.06
01-08-2025	88	Jeevanbhimanagar	6001	150.25
01-08-2025	89	Jogupalya	4066	128.8
01-08-2025	90	Ulsoor	5606	334.22
01-08-2025	91	Bharathinagar	2239	94.91
01-08-2025	92	Shivajinagar	5147	203.15
01-08-2025	93	Vasanthnagar	3736	263.92
01-08-2025	94	Gandhinagar	4774	355.9
01-08-2025	95	Subhashnagar	3091	59.72
01-08-2025	96	Okalipuram	3419	138.33
01-08-2025	97	Dayanandanagar	3497	82.68
01-08-2025	98	Prakashnagar	3074	80.42
01-08-2025	99	Rajajinagar	3929	113.56
01-08-2025	100	Basaveshwaranagar	5767	166.1
01-08-2025	101	Kamakshipalya	3684	90.58
01-08-2025	102	Vrushabhavathi Nagar	4175	98.63
01-08-2025	103	Kaveripura	5038	104.98
01-08-2025	104	Govindrajnagara	2896	69.52
01-08-2025	105	Agrahara Dasarahalli	3212	90.9
01-08-2025	106	Dr. Rajkumar Ward	2471	80.77
01-08-2025	107	Shivanagar	2456	85.74
01-08-2025	108	Srirammandira ward	4676	116.34
01-08-2025	109	Chikpet	5606	108.7
01-08-2025	110	Sampangiramnagar	3009	130.95
01-08-2025	111	Shanthala Nagar	3777	223.37
01-08-2025	112	Dommalur	4767	193.22
01-08-2025	113	Konena Agrahara	3939	122.02
01-08-2025	114	Agaram	2926	152.58
01-08-2025	115	Vannarpet	5171	105.45
01-08-2025	116	Neelasandra	2644	60.85
01-08-2025	117	Shanthinagar	6212	247.99
01-08-2025	118	Sudamnagar	5143	98.22
01-08-2025	119	Dharmarayaswamy Temple Ward	4979	99.6
01-08-2025	120	Cottonpet	3071	62.74
01-08-2025	121	Binnypet	4575	97.01
01-08-2025	122	Kempapura Agrahara	3912	86.46
01-08-2025	123	Vijaynagar	3616	90.32
01-08-2025	124	Hosahalli	4510	112.02
01-08-2025	125	Marenahalli	3408	92.27
01-08-2025	126	Maruthi Mandira Ward	4024	101.94
01-08-2025	127	Moodalapalya	5865	129
01-08-2025	128	Nagarabhavi	10860	256.96
01-08-2025	129	Jnanabharathi ward	13853	335.74
01-08-2025	130	Ullalu	9090	193.71
01-08-2025	131	Nayandanahalli	4367	112.63
01-08-2025	132	Attiguppe	5484	160.78
01-08-2025	133	Hampinagar	3028	76.8
01-08-2025	134	Bapujinagar	4469	134.15
01-08-2025	135	Padarayanapura	2029	70.16
01-08-2025	136	Jagareevanram Nagar	4823	127.44
01-08-2025	137	Rayapuram	3460	79.12
01-08-2025	138	Chalavadipalya	2391	52.22
01-08-2025	139	K.R. Market	2928	54.16
01-08-2025	140	Chamrajpet	4779	170.96
01-08-2025	141	Azadnagar	4025	104.14
01-08-2025	142	Sunkenahalli	2892	65.28
01-08-2025	143	Vishweshrapuram	4735	112.48
01-08-2025	144	Siddapura	4483	122.14
01-08-2025	145	Hombegowdanagar	6543	198.19
01-08-2025	146	Lakkasandra	2834	98.06
01-08-2025	147	Adugodi	3420	106.88
01-08-2025	148	Ejipura	4787	143.77
01-08-2025	149	Varthur	3314	158.68
01-08-2025	150	Bellandur	5166	398.22
01-08-2025	151	Koramangala	7159	309.19
01-08-2025	152	Sudduguntepalya	4076	152.55
01-08-2025	153	Jayanagar	340	8.28
01-08-2025	153	Jayangar	3647	164.6
01-08-2025	154	Basavanagudi	5801	137.45
01-08-2025	155	Hanumanthanagar	4142	88.45
01-08-2025	156	Srinagar	5680	139.85
01-08-2025	157	Gali Anjaneya swamy Temple Ward	5394	136.48
01-08-2025	158	Deepanjali Nagar	2937	77.33
01-08-2025	159	Kengeri	14507	292.22
01-08-2025	160	Rajarajeshwarinagar	16505	456.39
01-08-2025	161	Hosakerehalli	7370	170.02
01-08-2025	162	Girinagar	7740	175.45
01-08-2025	163	Katriguppe	6534	139.75
01-08-2025	164	Vidyapeetha Ward	4757	102.94
01-08-2025	165	Ganeshmandira Ward	4509	117.34
01-08-2025	166	Karisandra	4639	118.67
01-08-2025	167	Yadiyuru	4406	108.25
01-08-2025	168	Pattabhiramnagar	4306	148.22
01-08-2025	169	Byrasandra	3845	119.02
01-08-2025	170	Jayanagar East	3889	106.02
01-08-2025	171	Gurappanapalya	4065	192.83
01-08-2025	172	Madiwala	5580	171.58
01-08-2025	173	Jakkasandra	2856	137.82
01-08-2025	174	HSR Layout	14147	605.66
01-08-2025	175	Bommanahalli	6548	294.27
01-08-2025	176	BTM Layout	7557	259.07
01-08-2025	177	J.P.Nagar	5627	176.45
01-08-2025	178	Sarakki	5620	178.4
01-08-2025	179	Shakambarinagar	3776	112.08
01-08-2025	180	Banashankari Temple Ward	5182	117.08
01-08-2025	181	Kumaraswamy Layout	8394	251.3
01-08-2025	182	Padmanabhanagar	6044	176.67
01-08-2025	183	Chikkallasandra	5184	133.99
01-08-2025	184	Uttarahalli	9278	302.36
01-08-2025	185	Yelachenahalli	6759	183.62
01-08-2025	186	Jaraganahalli	3051	86.44
01-08-2025	187	Puttenahalli	4641	152.58
01-08-2025	188	Bilekahalli	4403	264.83
01-08-2025	189	Hongasandra	8368	360.67
01-08-2025	190	Mangammanapalya	3251	99.93
01-08-2025	191	Singasandra	3960	159.62
01-08-2025	191	Singsandra	1008	42.89
01-08-2025	192	Begur	6890	338.65
01-08-2025	193	Arakere	10044	378.3
01-08-2025	194	Gottigere	4047	96.53
01-08-2025	195	Konanakunte	10175	304.19
01-08-2025	196	Anjanapura	8579	305.91
01-08-2025	197	Vasanthapura	4303	142.42
01-08-2025	198	Hemmigepura	4549	103.98
01-09-2025	1	Kempegowda Ward	4286	110.18
01-09-2025	2	Chowdeshwari Ward	464	18.95
01-09-2025	3	Attur	6362	169.5
01-09-2025	4	Yelahanka Satellite town	7775	388.3
01-09-2025	5	Jakkur	3887	106.89
01-09-2025	6	Thanisandra	3984	65.66
01-09-2025	7	Byatarayanapura	9718	289.89
01-09-2025	8	Kodigehalli	5408	130.31
01-09-2025	9	Vidyaranyapura	12951	390.71
01-09-2025	10	Doddabommasandra	1865	26.87
01-09-2025	11	Kuvempunagar	4500	59.51
01-09-2025	12	Shettyhalli	8461	129.82
01-09-2025	13	Mallasandra	4531	61.51
01-09-2025	14	Bagalagunte	8793	213.01
01-09-2025	14	sidedahalli	1586	43.47
01-09-2025	15	T. Dasarahalli	4585	138.49
01-09-2025	16	Jalahalli	3111	91.04
01-09-2025	17	J.P.Park	5740	125.57
01-09-2025	18	Radhakrishna Temple Ward	5516	95.92
01-09-2025	19	Sanjaynagar	5823	84.67
01-09-2025	20	Ganganagar	3338	69.96
01-09-2025	21	Hebbal	7475	164.3
01-09-2025	22	VishwanathNagenahalli	3287	78.15
01-09-2025	23	Nagavara	9152	191.31
01-09-2025	24	HBR Layout	8175	246.94
01-09-2025	25	Horamavu	11889	148.35
01-09-2025	26	Ramamurthynagar	9508	256.1
01-09-2025	27	Banasawadi	9645	277.19
01-09-2025	28	Kammanahalli	6632	175.17
01-09-2025	29	Kacharakanahalli	4884	131.68
01-09-2025	30	Kadugondanahalli	5123	133.41
01-09-2025	31	Kushalnagar	3144	56.62
01-09-2025	32	Kavalbyrasandra	5584	110.15
01-09-2025	33	Manorayanapalya	2689	61.86
01-09-2025	34	Gangenahalli	2322	49.56
01-09-2025	35	Aramane Nagar	2968	78.35
01-09-2025	36	Mathikere	4147	89.07
01-09-2025	37	Yeshwanthpur	3218	61
01-09-2025	38	H.M.T	3669	134.9
01-09-2025	39	Chokkasandra	5856	130.5
01-09-2025	40	Doddabidirakalu	1	0
01-09-2025	41	Peenya Industrial Area	8500	204.85
01-09-2025	42	Lakshmidevinagar	5146	109.61
01-09-2025	43	Nandini Layout	6453	154.79
01-09-2025	44	Marappanahalli	4442	119.93
01-09-2025	45	Malleshwaram	3655	109.03
01-09-2025	46	Jayachamarajendra Nagar	5326	169.07
01-09-2025	47	Devarajeevanahalli	3754	79.74
01-09-2025	48	Muneshwaranagar	2195	36.43
01-09-2025	49	Lingarajapura	5745	97.06
01-09-2025	50	Benniganahalli	5861	357.25
01-09-2025	51	Vijinapura	6282	128.57
01-09-2025	52	K.R.Puram	8899	184.17
01-09-2025	53	Basavanapura	8436	215.8
01-09-2025	54	Hoodi	5203	311.4
01-09-2025	55	Devasandra	3299	97.57
01-09-2025	56	A. Narayanapura	8419	225.67
01-09-2025	57	C.V. Ramannagar	3273	82.29
01-09-2025	58	Hosathippasandra	6021	152.11
01-09-2025	59	Maruthiseva Nagar	5584	160.76
01-09-2025	60	Sagayapuram	4265	96.82
01-09-2025	61	S.K. Garden	2882	78.01
01-09-2025	62	Ramaswamy palya	3128	79.08
01-09-2025	63	Jayamahal	3080	130.06
01-09-2025	64	Rajamahal	3694	90.74
01-09-2025	65	Kadumalleshwara	5605	156.15
01-09-2025	66	Subramanyanagar	4286	119.06
01-09-2025	67	Nagapura	5798	175.67
01-09-2025	68	Mahalakshmipuram	5099	121.64
01-09-2025	69	Laggere	10212	240.89
01-09-2025	70	Rajagopalanagar	8315	191.6
01-09-2025	71	Hegganahalli	8666	232.06
01-09-2025	72	herohalli	11017	223.1
01-09-2025	73	Kottigepalya	8475	205.34
01-09-2025	74	Shakthiganapathi nagar	6108	154.05
01-09-2025	75	Shankaramata	5213	147.15
01-09-2025	76	Gayathrinagar	4379	113.43
01-09-2025	77	Dattathreya Temple	4480	115.06
01-09-2025	78	Pulikeshinagar	3591	116.91
01-09-2025	79	Sarvagnanagar	3443	77.39
01-09-2025	80	Hoysalanagar	5460	154.14
01-09-2025	81	Vignananagar	7086	201.94
01-09-2025	82	Garudacharpalya	4372	164.22
01-09-2025	83	Kadugodi	1038	41.13
01-09-2025	84	Hagadooru	2016	108.06
01-09-2025	85	Doddanekkundi	5686	315.64
01-09-2025	85	Varthur	1643	85.34
01-09-2025	86	Marathalli	4706	159.59
01-09-2025	87	HAL Airport	4371	92.28
01-09-2025	88	Jeevanbhimanagar	5999	144.95
01-09-2025	89	Jogupalya	4065	128.5
01-09-2025	90	Ulsoor	5613	315.13
01-09-2025	91	Bharathinagar	2246	106.47
01-09-2025	92	Shivajinagar	5148	212.2
01-09-2025	93	Vasanthnagar	3736	244.68
01-09-2025	94	Gandhinagar	4778	359.08
01-09-2025	95	Subhashnagar	3091	62.17
01-09-2025	96	Okalipuram	3419	147.62
01-09-2025	97	Dayanandanagar	3500	85.35
01-09-2025	98	Prakashnagar	3075	80.88
01-09-2025	99	Rajajinagar	3937	115.42
01-09-2025	100	Basaveshwaranagar	5771	167.03
01-09-2025	101	Kamakshipalya	3684	91.52
01-09-2025	102	Vrushabhavathi Nagar	4175	94.52
01-09-2025	103	Kaveripura	5038	101.04
01-09-2025	104	Govindrajnagara	2905	65.18
01-09-2025	105	Agrahara Dasarahalli	3213	103.89
01-09-2025	106	Dr. Rajkumar Ward	2472	83.2
01-09-2025	107	Shivanagar	2454	91.37
01-09-2025	108	Srirammandira ward	4679	120.23
01-09-2025	109	Chikpet	5613	112.04
01-09-2025	110	Sampangiramnagar	3014	132.59
01-09-2025	111	Shanthala Nagar	3777	222.78
01-09-2025	112	Dommalur	4776	211.73
01-09-2025	113	Konena Agrahara	3939	116.07
01-09-2025	114	Agaram	2927	145.99
01-09-2025	115	Vannarpet	5171	108.79
01-09-2025	116	Neelasandra	2646	63.31
01-09-2025	117	Shanthinagar	6215	246.08
01-09-2025	118	Sudamnagar	5143	97.94
01-09-2025	119	Dharmarayaswamy Temple Ward	4981	99.63
01-09-2025	120	Cottonpet	3075	63.8
01-09-2025	121	Binnypet	4574	102.86
01-09-2025	122	Kempapura Agrahara	3924	86.29
01-09-2025	123	Vijaynagar	3626	87.94
01-09-2025	124	Hosahalli	4511	111.97
01-09-2025	125	Marenahalli	3416	87.45
01-09-2025	126	Maruthi Mandira Ward	4024	97.18
01-09-2025	127	Moodalapalya	5868	126.05
01-09-2025	128	Nagarabhavi	10873	256.6
01-09-2025	129	Jnanabharathi ward	13875	343.03
01-09-2025	130	Ullalu	9172	197.49
01-09-2025	131	Nayandanahalli	4372	115.1
01-09-2025	132	Attiguppe	5487	156.65
01-09-2025	133	Hampinagar	3033	77.25
01-09-2025	134	Bapujinagar	4474	127.27
01-09-2025	135	Padarayanapura	2031	70.72
01-09-2025	136	Jagareevanram Nagar	4825	127.19
01-09-2025	137	Rayapuram	3456	78.64
01-09-2025	138	Chalavadipalya	2391	55.3
01-09-2025	139	K.R. Market	2928	55.12
01-09-2025	140	Chamrajpet	4779	164.93
01-09-2025	141	Azadnagar	4029	107.64
01-09-2025	142	Sunkenahalli	2896	64.51
01-09-2025	143	Vishweshrapuram	4738	114.14
01-09-2025	144	Siddapura	4485	118.62
01-09-2025	145	Hombegowdanagar	6550	201.83
01-09-2025	146	Lakkasandra	2834	96.8
01-09-2025	147	Adugodi	3421	107.64
01-09-2025	148	Ejipura	4788	140.16
01-09-2025	149	Varthur	3318	146.47
01-09-2025	150	Bellandur	5430	366.61
01-09-2025	151	Koramangala	7165	308.54
01-09-2025	152	Sudduguntepalya	4078	150.96
01-09-2025	153	Jayanagar	341	8.48
01-09-2025	153	Jayangar	3651	160.81
01-09-2025	154	Basavanagudi	5801	137.66
01-09-2025	155	Hanumanthanagar	4143	86.09
01-09-2025	156	Srinagar	5682	137.67
01-09-2025	157	Gali Anjaneya swamy Temple Ward	5397	130.22
01-09-2025	158	Deepanjali Nagar	2940	71.42
01-09-2025	159	Kengeri	14536	285.51
01-09-2025	160	Rajarajeshwarinagar	16579	472.05
01-09-2025	161	Hosakerehalli	7376	166.41
01-09-2025	162	Girinagar	7744	172.75
01-09-2025	163	Katriguppe	6535	144.38
01-09-2025	164	Vidyapeetha Ward	4758	103.06
01-09-2025	165	Ganeshmandira Ward	4517	112.1
01-09-2025	166	Karisandra	4641	118.55
01-09-2025	167	Yadiyuru	4412	104.5
01-09-2025	168	Pattabhiramnagar	4306	138.14
01-09-2025	169	Byrasandra	3843	113.36
01-09-2025	170	Jayanagar East	3889	102.04
01-09-2025	171	Gurappanapalya	4065	171.88
01-09-2025	172	Madiwala	5582	171.32
01-09-2025	173	Jakkasandra	2857	140.99
01-09-2025	174	HSR Layout	14165	601.54
01-09-2025	175	Bommanahalli	6563	289.2
01-09-2025	176	BTM Layout	7561	255.74
01-09-2025	177	J.P.Nagar	5628	170.82
01-09-2025	178	Sarakki	5622	177.68
01-09-2025	179	Shakambarinagar	3777	112
01-09-2025	180	Banashankari Temple Ward	5186	118.92
01-09-2025	181	Kumaraswamy Layout	8407	245.23
01-09-2025	182	Padmanabhanagar	6045	173.6
01-09-2025	183	Chikkallasandra	5185	136.61
01-09-2025	184	Uttarahalli	9385	300.18
01-09-2025	185	Yelachenahalli	6872	183.37
01-09-2025	186	Jaraganahalli	3056	88.07
01-09-2025	187	Puttenahalli	4659	153.79
01-09-2025	188	Bilekahalli	4406	251.06
01-09-2025	189	Hongasandra	8382	356.78
01-09-2025	190	Mangammanapalya	3293	96.58
01-09-2025	191	Singasandra	4133	161.38
01-09-2025	191	Singsandra	1074	45.49
01-09-2025	192	Begur	7036	317.07
01-09-2025	193	Arakere	10052	362.33
01-09-2025	194	Gottigere	4135	99.03
01-09-2025	195	Konanakunte	10224	290.48
01-09-2025	196	Anjanapura	8937	303.81
01-09-2025	197	Vasanthapura	4269	136.72
01-09-2025	198	Hemmigepura	4926	111.74
01-10-2025	1	Kempegowda Ward	4316	105.94
01-10-2025	2	Chowdeshwari Ward	465	17.36
01-10-2025	3	Attur	6495	170.31
01-10-2025	4	Yelahanka Satellite town	7775	373.94
01-10-2025	5	Jakkur	3939	109.87
01-10-2025	6	Thanisandra	4230	64.86
01-10-2025	7	Byatarayanapura	9736	283.04
01-10-2025	8	Kodigehalli	5419	132.14
01-10-2025	9	Vidyaranyapura	12970	394.26
01-10-2025	10	Doddabommasandra	1866	27.95
01-10-2025	11	Kuvempunagar	4548	60.96
01-10-2025	12	Shettyhalli	9208	140.35
01-10-2025	13	Mallasandra	4532	72.66
01-10-2025	14	Bagalagunte	8795	226.05
01-10-2025	14	sidedahalli	1603	40.39
01-10-2025	15	T. Dasarahalli	4588	145.33
01-10-2025	16	Jalahalli	3111	93.47
01-10-2025	17	J.P.Park	5740	124.53
01-10-2025	18	Radhakrishna Temple Ward	5517	97.15
01-10-2025	19	Sanjaynagar	5823	84.25
01-10-2025	20	Ganganagar	3338	68.37
01-10-2025	21	Hebbal	7477	162.44
01-10-2025	22	VishwanathNagenahalli	3287	77.88
01-10-2025	23	Nagavara	9172	193.21
01-10-2025	24	HBR Layout	8188	247.77
01-10-2025	25	Horamavu	12789	104.67
01-10-2025	26	Ramamurthynagar	9532	251.91
01-10-2025	27	Banasawadi	9650	281.04
01-10-2025	28	Kammanahalli	6633	178.29
01-10-2025	29	Kacharakanahalli	4885	135.35
01-10-2025	30	Kadugondanahalli	5128	132.47
01-10-2025	31	Kushalnagar	3144	55.29
01-10-2025	32	Kavalbyrasandra	5585	113.52
01-10-2025	33	Manorayanapalya	2690	62.38
01-10-2025	34	Gangenahalli	2323	47.03
01-10-2025	35	Aramane Nagar	2968	79.67
01-10-2025	36	Mathikere	4147	90.72
01-10-2025	37	Yeshwanthpur	3218	62.63
01-10-2025	38	H.M.T	3671	135.48
01-10-2025	39	Chokkasandra	5858	132.78
01-10-2025	40	Doddabidirakalu	1	0
01-10-2025	41	Peenya Industrial Area	8885	210.44
01-10-2025	42	Lakshmidevinagar	5146	104.97
01-10-2025	43	Nandini Layout	6458	152.47
01-10-2025	44	Marappanahalli	4443	120.84
01-10-2025	45	Malleshwaram	3656	110.46
01-10-2025	46	Jayachamarajendra Nagar	5328	173.71
01-10-2025	47	Devarajeevanahalli	3752	79.19
01-10-2025	48	Muneshwaranagar	2194	35.9
01-10-2025	49	Lingarajapura	5745	95.45
01-10-2025	50	Benniganahalli	5859	349.05
01-10-2025	51	Vijinapura	6299	128.08
01-10-2025	52	K.R.Puram	8913	173.69
01-10-2025	53	Basavanapura	8474	204.23
01-10-2025	54	Hoodi	5222	305.59
01-10-2025	55	Devasandra	3305	80.55
01-10-2025	56	A. Narayanapura	8427	220.61
01-10-2025	57	C.V. Ramannagar	3277	74.38
01-10-2025	58	Hosathippasandra	6024	146.83
01-10-2025	59	Maruthiseva Nagar	5583	153.86
01-10-2025	60	Sagayapuram	4264	92.31
01-10-2025	61	S.K. Garden	2872	78.35
01-10-2025	62	Ramaswamy palya	3125	77.23
01-10-2025	63	Jayamahal	3078	123.13
01-10-2025	64	Rajamahal	3694	91.82
01-10-2025	65	Kadumalleshwara	5605	157.28
01-10-2025	66	Subramanyanagar	4286	124.54
01-10-2025	67	Nagapura	5798	171.57
01-10-2025	68	Mahalakshmipuram	5099	127.85
01-10-2025	69	Laggere	10215	245.23
01-10-2025	70	Rajagopalanagar	8318	195.03
01-10-2025	71	Hegganahalli	8672	237.19
01-10-2025	72	herohalli	11165	214.73
01-10-2025	73	Kottigepalya	8482	204.53
01-10-2025	74	Shakthiganapathi nagar	6108	159.3
01-10-2025	75	Shankaramata	5213	143.88
01-10-2025	76	Gayathrinagar	4379	113.7
01-10-2025	77	Dattathreya Temple	4482	116.48
01-10-2025	78	Pulikeshinagar	3573	117.48
01-10-2025	79	Sarvagnanagar	3436	76.87
01-10-2025	80	Hoysalanagar	5460	148.51
01-10-2025	81	Vignananagar	7103	197.95
01-10-2025	82	Garudacharpalya	4357	174.58
01-10-2025	83	Kadugodi	1054	45.43
01-10-2025	84	Hagadooru	2014	105.84
01-10-2025	85	Doddanekkundi	5674	311.86
01-10-2025	85	Varthur	1958	76.14
01-10-2025	86	Marathalli	4715	159.4
01-10-2025	87	HAL Airport	4372	92.63
01-10-2025	88	Jeevanbhimanagar	5999	143.4
01-10-2025	89	Jogupalya	4065	128.08
01-10-2025	90	Ulsoor	5615	307.55
01-10-2025	91	Bharathinagar	2246	103.66
01-10-2025	92	Shivajinagar	5149	213.08
01-10-2025	93	Vasanthnagar	3736	249.69
01-10-2025	94	Gandhinagar	4778	353.99
01-10-2025	95	Subhashnagar	3091	60.82
01-10-2025	96	Okalipuram	3419	144.34
01-10-2025	97	Dayanandanagar	3500	85.4
01-10-2025	98	Prakashnagar	3075	79.81
01-10-2025	99	Rajajinagar	3938	115.02
01-10-2025	100	Basaveshwaranagar	5772	169.71
01-10-2025	101	Kamakshipalya	3685	92.55
01-10-2025	102	Vrushabhavathi Nagar	4175	96.29
01-10-2025	103	Kaveripura	5038	106.78
01-10-2025	104	Govindrajnagara	2906	68.36
01-10-2025	105	Agrahara Dasarahalli	3213	93.22
01-10-2025	106	Dr. Rajkumar Ward	2472	80.42
01-10-2025	107	Shivanagar	2454	86.86
01-10-2025	108	Srirammandira ward	4679	117.28
01-10-2025	109	Chikpet	5613	112.21
01-10-2025	110	Sampangiramnagar	3015	128.58
01-10-2025	111	Shanthala Nagar	3777	228.57
01-10-2025	112	Dommalur	4776	198.01
01-10-2025	113	Konena Agrahara	3940	120.95
01-10-2025	114	Agaram	2927	147.79
01-10-2025	115	Vannarpet	5171	108.4
01-10-2025	116	Neelasandra	2648	62.94
01-10-2025	117	Shanthinagar	6215	247.87
01-10-2025	118	Sudamnagar	5143	99.45
01-10-2025	119	Dharmarayaswamy Temple Ward	4983	99.9
01-10-2025	120	Cottonpet	3075	63.41
01-10-2025	121	Binnypet	4574	97.31
01-10-2025	122	Kempapura Agrahara	3927	84.03
01-10-2025	123	Vijaynagar	3629	87.94
01-10-2025	124	Hosahalli	4511	109.22
01-10-2025	125	Marenahalli	3421	91.17
01-10-2025	126	Maruthi Mandira Ward	4024	101.59
01-10-2025	127	Moodalapalya	5873	132.96
01-10-2025	128	Nagarabhavi	10885	263.7
01-10-2025	129	Jnanabharathi ward	13893	347.06
01-10-2025	130	Ullalu	9249	195.79
01-10-2025	131	Nayandanahalli	4381	118.56
01-10-2025	132	Attiguppe	5489	164.24
01-10-2025	133	Hampinagar	3033	79.24
01-10-2025	134	Bapujinagar	4476	122.03
01-10-2025	135	Padarayanapura	2031	70.16
01-10-2025	136	Jagareevanram Nagar	4825	128.92
01-10-2025	137	Rayapuram	3456	78.6
01-10-2025	138	Chalavadipalya	2391	54.69
01-10-2025	139	K.R. Market	2928	53.91
01-10-2025	140	Chamrajpet	4775	168.55
01-10-2025	141	Azadnagar	4026	107.11
01-10-2025	142	Sunkenahalli	2895	67.79
01-10-2025	143	Vishweshrapuram	4740	116.29
01-10-2025	144	Siddapura	4486	123.38
01-10-2025	145	Hombegowdanagar	6551	200.9
01-10-2025	146	Lakkasandra	2835	98.01
01-10-2025	147	Adugodi	3423	106.07
01-10-2025	148	Ejipura	4793	138.93
01-10-2025	149	Varthur	3304	149.21
01-10-2025	150	Bellandur	5549	383.56
01-10-2025	151	Koramangala	7169	296.7
01-10-2025	152	Sudduguntepalya	4081	146.26
01-10-2025	153	Jayanagar	342	8.61
01-10-2025	153	Jayangar	3651	155.41
01-10-2025	154	Basavanagudi	5804	137.39
01-10-2025	155	Hanumanthanagar	4143	88.69
01-10-2025	156	Srinagar	5683	142.21
01-10-2025	157	Gali Anjaneya swamy Temple Ward	5397	134.76
01-10-2025	158	Deepanjali Nagar	2940	75.04
01-10-2025	159	Kengeri	14566	291.13
01-10-2025	160	Rajarajeshwarinagar	16667	454.7
01-10-2025	161	Hosakerehalli	7376	173.33
01-10-2025	162	Girinagar	7746	180.96
01-10-2025	163	Katriguppe	6535	136.25
01-10-2025	164	Vidyapeetha Ward	4758	103.42
01-10-2025	165	Ganeshmandira Ward	4518	114.3
01-10-2025	166	Karisandra	4643	114.71
01-10-2025	167	Yadiyuru	4412	104.9
01-10-2025	168	Pattabhiramnagar	4306	143.73
01-10-2025	169	Byrasandra	3843	117.72
01-10-2025	170	Jayanagar East	3889	104.36
01-10-2025	171	Gurappanapalya	4065	174.98
01-10-2025	172	Madiwala	5594	167.38
01-10-2025	173	Jakkasandra	2857	123.25
01-10-2025	174	HSR Layout	14178	575.28
01-10-2025	175	Bommanahalli	6591	278.25
01-10-2025	176	BTM Layout	7566	250.84
01-10-2025	177	J.P.Nagar	5628	172.99
01-10-2025	178	Sarakki	5622	170.79
01-10-2025	179	Shakambarinagar	3777	110.32
01-10-2025	180	Banashankari Temple Ward	5187	117.42
01-10-2025	181	Kumaraswamy Layout	8408	252.4
01-10-2025	182	Padmanabhanagar	6043	172.77
01-10-2025	183	Chikkallasandra	5186	133.09
01-10-2025	184	Uttarahalli	9429	301.99
01-10-2025	185	Yelachenahalli	6922	180.12
01-10-2025	186	Jaraganahalli	3057	79.6
01-10-2025	187	Puttenahalli	4661	148.62
01-10-2025	188	Bilekahalli	4406	243.67
01-10-2025	189	Hongasandra	8396	338.09
01-10-2025	190	Mangammanapalya	3300	94.13
01-10-2025	191	Singasandra	4255	153.21
01-10-2025	191	Singsandra	1089	42.01
01-10-2025	192	Begur	7130	323.23
01-10-2025	193	Arakere	10056	354.34
01-10-2025	194	Gottigere	4251	99.45
01-10-2025	195	Konanakunte	10229	283.17
01-10-2025	196	Anjanapura	9296	319.58
01-10-2025	197	Vasanthapura	4268	137.59
01-10-2025	198	Hemmigepura	5213	116.26
01-11-2025	1	Kempegowda Ward	4343	109.83
01-11-2025	2	Chowdeshwari Ward	466	62.34
01-11-2025	3	Attur	6510	175.54
01-11-2025	4	Yelahanka Satellite town	7786	390.07
01-11-2025	5	Jakkur	3952	103.18
01-11-2025	6	Thanisandra	4276	73.42
01-11-2025	7	Byatarayanapura	9734	288.39
01-11-2025	8	Kodigehalli	5425	128.74
01-11-2025	9	Vidyaranyapura	12945	367.94
01-11-2025	10	Doddabommasandra	1908	29.16
01-11-2025	11	Kuvempunagar	4578	64.38
01-11-2025	12	Shettyhalli	9476	141.98
01-11-2025	13	Mallasandra	4538	64.13
01-11-2025	14	Bagalagunte	8808	214.97
01-11-2025	14	sidedahalli	1611	47.53
01-11-2025	15	T. Dasarahalli	4591	137.09
01-11-2025	16	Jalahalli	3112	87.82
01-11-2025	17	J.P.Park	5743	127.76
01-11-2025	18	Radhakrishna Temple Ward	5517	94.2
01-11-2025	19	Sanjaynagar	5830	86.5
01-11-2025	20	Ganganagar	3342	68.48
01-11-2025	21	Hebbal	7487	159.35
01-11-2025	22	VishwanathNagenahalli	3288	77.11
01-11-2025	23	Nagavara	9160	186.34
01-11-2025	24	HBR Layout	8194	244.34
01-11-2025	25	Horamavu	12820	97.26
01-11-2025	26	Ramamurthynagar	9536	248.54
01-11-2025	27	Banasawadi	9676	276.53
01-11-2025	28	Kammanahalli	6636	177.04
01-11-2025	29	Kacharakanahalli	4888	128.1
01-11-2025	30	Kadugondanahalli	5150	130.99
01-11-2025	31	Kushalnagar	3145	55.09
01-11-2025	32	Kavalbyrasandra	5586	104.36
01-11-2025	33	Manorayanapalya	2705	61.39
01-11-2025	34	Gangenahalli	2324	48.9
01-11-2025	35	Aramane Nagar	2971	77.79
01-11-2025	36	Mathikere	4150	88.77
01-11-2025	37	Yeshwanthpur	3219	58.84
01-11-2025	38	H.M.T	3677	130.96
01-11-2025	39	Chokkasandra	5823	129.67
01-11-2025	40	Doddabidirakalu	1	0
01-11-2025	41	Peenya Industrial Area	9261	215.29
01-11-2025	42	Lakshmidevinagar	5148	101.78
01-11-2025	43	Nandini Layout	6462	137.02
01-11-2025	44	Marappanahalli	4444	115.24
01-11-2025	45	Malleshwaram	3656	107.7
01-11-2025	46	Jayachamarajendra Nagar	5332	178.46
01-11-2025	47	Devarajeevanahalli	3763	79.58
01-11-2025	48	Muneshwaranagar	2196	36.22
01-11-2025	49	Lingarajapura	5749	97.35
01-11-2025	50	Benniganahalli	5860	388.55
01-11-2025	51	Vijinapura	6311	120.74
01-11-2025	52	K.R.Puram	8903	170.18
01-11-2025	53	Basavanapura	8474	209.18
01-11-2025	54	Hoodi	5274	335.12
01-11-2025	55	Devasandra	3313	84.34
01-11-2025	56	A. Narayanapura	8429	225.08
01-11-2025	57	C.V. Ramannagar	3283	83.83
01-11-2025	58	Hosathippasandra	6023	150.16
01-11-2025	59	Maruthiseva Nagar	5585	157.83
01-11-2025	60	Sagayapuram	4269	94.35
01-11-2025	61	S.K. Garden	2882	79.3
01-11-2025	62	Ramaswamy palya	3128	74.85
01-11-2025	63	Jayamahal	3080	119.99
01-11-2025	64	Rajamahal	3698	89.71
01-11-2025	65	Kadumalleshwara	5613	157.98
01-11-2025	66	Subramanyanagar	4287	112.37
01-11-2025	67	Nagapura	5804	173.28
01-11-2025	68	Mahalakshmipuram	5105	115.73
01-11-2025	69	Laggere	10202	236.24
01-11-2025	70	Rajagopalanagar	8339	198.3
01-11-2025	71	Hegganahalli	8658	236.29
01-11-2025	72	herohalli	11257	225.26
01-11-2025	73	Kottigepalya	8499	197.78
01-11-2025	74	Shakthiganapathi nagar	6108	149.28
01-11-2025	75	Shankaramata	5215	142.96
01-11-2025	76	Gayathrinagar	4379	108.83
01-11-2025	77	Dattathreya Temple	4480	113.62
01-11-2025	78	Pulikeshinagar	3597	120.07
01-11-2025	79	Sarvagnanagar	3435	76.67
01-11-2025	80	Hoysalanagar	5457	156.02
01-11-2025	81	Vignananagar	7125	197.34
01-11-2025	82	Garudacharpalya	4375	192.64
01-11-2025	83	Kadugodi	1059	50.9
01-11-2025	84	Hagadooru	2021	107.04
01-11-2025	85	Doddanekkundi	5721	322.1
01-11-2025	85	Varthur	1998	71.1
01-11-2025	86	Marathalli	4726	177.27
01-11-2025	87	HAL Airport	4373	92.57
01-11-2025	88	Jeevanbhimanagar	5997	142.96
01-11-2025	89	Jogupalya	4068	126.72
01-11-2025	90	Ulsoor	5615	312.77
01-11-2025	91	Bharathinagar	2247	107.74
01-11-2025	92	Shivajinagar	5159	207.9
01-11-2025	93	Vasanthnagar	3738	263.32
01-11-2025	94	Gandhinagar	4783	361.16
01-11-2025	95	Subhashnagar	3090	60.72
01-11-2025	96	Okalipuram	3420	143.91
01-11-2025	97	Dayanandanagar	3500	82.75
01-11-2025	98	Prakashnagar	3076	77.04
01-11-2025	99	Rajajinagar	3945	113.88
01-11-2025	100	Basaveshwaranagar	5771	168.34
01-11-2025	101	Kamakshipalya	3685	91.91
01-11-2025	102	Vrushabhavathi Nagar	4175	92.53
01-11-2025	103	Kaveripura	5039	98.89
01-11-2025	104	Govindrajnagara	2913	66.2
01-11-2025	105	Agrahara Dasarahalli	3214	95.53
01-11-2025	106	Dr. Rajkumar Ward	2471	81.91
01-11-2025	107	Shivanagar	2454	90.7
01-11-2025	108	Srirammandira ward	4679	119.32
01-11-2025	109	Chikpet	5616	110.41
01-11-2025	110	Sampangiramnagar	3019	129.74
01-11-2025	111	Shanthala Nagar	3776	217.22
01-11-2025	112	Dommalur	4786	197.16
01-11-2025	113	Konena Agrahara	3942	122.7
01-11-2025	114	Agaram	2926	142.84
01-11-2025	115	Vannarpet	5167	102.3
01-11-2025	116	Neelasandra	2650	61.08
01-11-2025	117	Shanthinagar	6212	241.49
01-11-2025	118	Sudamnagar	5145	96.38
01-11-2025	119	Dharmarayaswamy Temple Ward	4988	97.89
01-11-2025	120	Cottonpet	3077	62.52
01-11-2025	121	Binnypet	4577	102.56
01-11-2025	122	Kempapura Agrahara	3933	86.78
01-11-2025	123	Vijaynagar	3635	83.83
01-11-2025	124	Hosahalli	4516	108.08
01-11-2025	125	Marenahalli	3420	87.89
01-11-2025	126	Maruthi Mandira Ward	4023	93.95
01-11-2025	127	Moodalapalya	5877	122.21
01-11-2025	128	Nagarabhavi	10907	252.34
01-11-2025	129	Jnanabharathi ward	13911	332.21
01-11-2025	130	Ullalu	9262	195.59
01-11-2025	131	Nayandanahalli	4382	115.32
01-11-2025	132	Attiguppe	5489	156.6
01-11-2025	133	Hampinagar	3033	75.92
01-11-2025	134	Bapujinagar	4482	117.87
01-11-2025	135	Padarayanapura	2031	69.79
01-11-2025	136	Jagareevanram Nagar	4825	125.34
01-11-2025	137	Rayapuram	3456	77.16
01-11-2025	138	Chalavadipalya	2389	50.5
01-11-2025	139	K.R. Market	2928	53.02
01-11-2025	140	Chamrajpet	4780	162.88
01-11-2025	141	Azadnagar	4030	105.31
01-11-2025	142	Sunkenahalli	2898	64.34
01-11-2025	143	Vishweshrapuram	4742	112.34
01-11-2025	144	Siddapura	4487	115.84
01-11-2025	145	Hombegowdanagar	6552	200.61
01-11-2025	146	Lakkasandra	2835	93.78
01-11-2025	147	Adugodi	3425	109.23
01-11-2025	148	Ejipura	4796	132.09
01-11-2025	149	Varthur	3327	147.6
01-11-2025	150	Bellandur	5554	364.12
01-11-2025	151	Koramangala	7172	303.21
01-11-2025	152	Sudduguntepalya	4078	152.69
01-11-2025	153	Jayanagar	342	7.95
01-11-2025	153	Jayangar	3655	153.22
01-11-2025	154	Basavanagudi	5806	135.71
01-11-2025	155	Hanumanthanagar	4145	86.77
01-11-2025	156	Srinagar	5687	137.87
01-11-2025	157	Gali Anjaneya swamy Temple Ward	5401	123.8
01-11-2025	158	Deepanjali Nagar	2939	75.17
01-11-2025	159	Kengeri	14607	289.01
01-11-2025	160	Rajarajeshwarinagar	16692	440.4
01-11-2025	161	Hosakerehalli	7379	165.86
01-11-2025	162	Girinagar	7747	176.57
01-11-2025	163	Katriguppe	6541	142.62
01-11-2025	164	Vidyapeetha Ward	4761	101.79
01-11-2025	165	Ganeshmandira Ward	4530	112.74
01-11-2025	166	Karisandra	4659	122.42
01-11-2025	167	Yadiyuru	4415	104.71
01-11-2025	168	Pattabhiramnagar	4312	139.63
01-11-2025	169	Byrasandra	3851	112.62
01-11-2025	170	Jayanagar East	3889	99.4
01-11-2025	171	Gurappanapalya	4064	178.53
01-11-2025	172	Madiwala	5600	167.63
01-11-2025	173	Jakkasandra	2857	123.23
01-11-2025	174	HSR Layout	14180	549.58
01-11-2025	175	Bommanahalli	6599	274.75
01-11-2025	176	BTM Layout	7571	265.46
01-11-2025	177	J.P.Nagar	5637	166.17
01-11-2025	178	Sarakki	5626	170.3
01-11-2025	179	Shakambarinagar	3778	108.77
01-11-2025	180	Banashankari Temple Ward	5193	112.85
01-11-2025	181	Kumaraswamy Layout	8418	248.83
01-11-2025	182	Padmanabhanagar	6045	168.61
01-11-2025	183	Chikkallasandra	5191	132.59
01-11-2025	184	Uttarahalli	9449	307.05
01-11-2025	185	Yelachenahalli	6928	178.4
01-11-2025	186	Jaraganahalli	3058	80.39
01-11-2025	187	Puttenahalli	4672	147.36
01-11-2025	188	Bilekahalli	4407	242.97
01-11-2025	189	Hongasandra	8405	351.94
01-11-2025	190	Mangammanapalya	3323	91.68
01-11-2025	191	Singasandra	4302	157.84
01-11-2025	191	Singsandra	1103	43.13
01-11-2025	192	Begur	7187	338.61
01-11-2025	193	Arakere	10080	345.07
01-11-2025	194	Gottigere	4294	97.19
01-11-2025	195	Konanakunte	10255	285.43
01-11-2025	196	Anjanapura	9395	314.53
01-11-2025	197	Vasanthapura	4266	133.8
01-11-2025	198	Hemmigepura	5444	118.42
01-12-2025	1	Kempegowda Ward	4363	108.77
01-12-2025	2	Chowdeshwari Ward	466	56.86
01-12-2025	3	Attur	6610	170.05
01-12-2025	4	Yelahanka Satellite town	7790	368.82
01-12-2025	5	Jakkur	4000	104.34
01-12-2025	6	Thanisandra	4468	71.77
01-12-2025	7	Byatarayanapura	9739	278.9
01-12-2025	8	Kodigehalli	5441	161.8
01-12-2025	9	Vidyaranyapura	12952	279.54
01-12-2025	10	Doddabommasandra	1909	29.32
01-12-2025	11	Kuvempunagar	4595	62.83
01-12-2025	12	Shettyhalli	10004	149.56
01-12-2025	13	Mallasandra	4541	60.65
01-12-2025	14	Bagalagunte	8814	208.79
01-12-2025	14	sidedahalli	1623	37.82
01-12-2025	15	T. Dasarahalli	4591	139.27
01-12-2025	16	Jalahalli	3113	94.69
01-12-2025	17	J.P.Park	5743	124.84
01-12-2025	18	Radhakrishna Temple Ward	5517	95.24
01-12-2025	19	Sanjaynagar	5830	88.93
01-12-2025	20	Ganganagar	3343	68.41
01-12-2025	21	Hebbal	7489	157.48
01-12-2025	22	VishwanathNagenahalli	3289	74.27
01-12-2025	23	Nagavara	9181	182.66
01-12-2025	24	HBR Layout	8202	232.08
01-12-2025	25	Horamavu	14384	119.4
01-12-2025	26	Ramamurthynagar	9555	252.86
01-12-2025	27	Banasawadi	9681	278.4
01-12-2025	28	Kammanahalli	6637	172.53
01-12-2025	29	Kacharakanahalli	4890	127.87
01-12-2025	30	Kadugondanahalli	5165	130.74
01-12-2025	31	Kushalnagar	3143	55.67
01-12-2025	32	Kavalbyrasandra	5587	102.56
01-12-2025	33	Manorayanapalya	2706	59.9
01-12-2025	34	Gangenahalli	2324	48.46
01-12-2025	35	Aramane Nagar	2971	76.83
01-12-2025	36	Mathikere	4153	86.95
01-12-2025	37	Yeshwanthpur	3220	59.42
01-12-2025	38	H.M.T	3679	136.89
01-12-2025	39	Chokkasandra	5827	126.47
01-12-2025	40	Doddabidirakalu	1	0
01-12-2025	41	Peenya Industrial Area	9457	223.06
01-12-2025	42	Lakshmidevinagar	5151	106.71
01-12-2025	43	Nandini Layout	6462	140.07
01-12-2025	44	Marappanahalli	4444	114.06
01-12-2025	45	Malleshwaram	3656	106.15
01-12-2025	46	Jayachamarajendra Nagar	5333	186.94
01-12-2025	47	Devarajeevanahalli	3764	79.26
01-12-2025	48	Muneshwaranagar	2193	35.97
01-12-2025	49	Lingarajapura	5749	94.67
01-12-2025	50	Benniganahalli	5861	378.15
01-12-2025	51	Vijinapura	6321	125.4
01-12-2025	52	K.R.Puram	8923	177.06
01-12-2025	53	Basavanapura	8570	206.72
01-12-2025	54	Hoodi	5288	333.7
01-12-2025	55	Devasandra	3322	81.56
01-12-2025	56	A. Narayanapura	8431	222.25
01-12-2025	57	C.V. Ramannagar	3289	82.23
01-12-2025	58	Hosathippasandra	6024	148.97
01-12-2025	59	Maruthiseva Nagar	5586	152.75
01-12-2025	60	Sagayapuram	4272	93.08
01-12-2025	61	S.K. Garden	2882	77.51
01-12-2025	62	Ramaswamy palya	3128	75.08
01-12-2025	63	Jayamahal	3081	121.62
01-12-2025	64	Rajamahal	3698	88.25
01-12-2025	65	Kadumalleshwara	5613	153.67
01-12-2025	66	Subramanyanagar	4288	117.45
01-12-2025	67	Nagapura	5804	170.04
01-12-2025	68	Mahalakshmipuram	5105	118.75
01-12-2025	69	Laggere	10206	231.43
01-12-2025	70	Rajagopalanagar	8344	186.01
01-12-2025	71	Hegganahalli	8665	225.37
01-12-2025	72	herohalli	11425	219.5
01-12-2025	73	Kottigepalya	8503	191.19
01-12-2025	74	Shakthiganapathi nagar	6108	150.51
01-12-2025	75	Shankaramata	5215	140.99
01-12-2025	76	Gayathrinagar	4379	109.88
01-12-2025	77	Dattathreya Temple	4480	113.2
01-12-2025	78	Pulikeshinagar	3612	117.74
01-12-2025	79	Sarvagnanagar	3431	76.81
01-12-2025	80	Hoysalanagar	5457	148.48
01-12-2025	81	Vignananagar	7152	200.97
01-12-2025	82	Garudacharpalya	4375	186.5
01-12-2025	83	Kadugodi	1060	51.9
01-12-2025	84	Hagadooru	2021	102.71
01-12-2025	85	Doddanekkundi	5729	323.85
01-12-2025	85	Varthur	2151	92.63
01-12-2025	86	Marathalli	4734	176.98
01-12-2025	87	HAL Airport	4380	92.19
01-12-2025	88	Jeevanbhimanagar	5997	147.8
01-12-2025	89	Jogupalya	4068	126.35
01-12-2025	90	Ulsoor	5615	306.77
01-12-2025	91	Bharathinagar	2246	102.5
01-12-2025	92	Shivajinagar	5159	210.98
01-12-2025	93	Vasanthnagar	3738	266.29
01-12-2025	94	Gandhinagar	4783	373.86
01-12-2025	95	Subhashnagar	3090	64.61
01-12-2025	96	Okalipuram	3420	148.4
01-12-2025	97	Dayanandanagar	3501	81.88
01-12-2025	98	Prakashnagar	3076	79.8
01-12-2025	99	Rajajinagar	3945	109.53
01-12-2025	100	Basaveshwaranagar	5771	157.76
01-12-2025	101	Kamakshipalya	3685	88.59
01-12-2025	102	Vrushabhavathi Nagar	4175	92.75
01-12-2025	103	Kaveripura	5039	91.5
01-12-2025	104	Govindrajnagara	2914	64.82
01-12-2025	105	Agrahara Dasarahalli	3214	89.66
01-12-2025	106	Dr. Rajkumar Ward	2471	78.15
01-12-2025	107	Shivanagar	2455	84.9
01-12-2025	108	Srirammandira ward	4679	116.45
01-12-2025	109	Chikpet	5617	111.46
01-12-2025	110	Sampangiramnagar	3020	130.7
01-12-2025	111	Shanthala Nagar	3776	224.88
01-12-2025	112	Dommalur	4788	201.7
01-12-2025	113	Konena Agrahara	3943	128.91
01-12-2025	114	Agaram	2928	154.66
01-12-2025	115	Vannarpet	5167	105.54
01-12-2025	116	Neelasandra	2650	61.44
01-12-2025	117	Shanthinagar	6213	246.62
01-12-2025	118	Sudamnagar	5146	101.25
01-12-2025	119	Dharmarayaswamy Temple Ward	4988	95.02
01-12-2025	120	Cottonpet	3078	64.81
01-12-2025	121	Binnypet	4577	98.56
01-12-2025	122	Kempapura Agrahara	3939	85.78
01-12-2025	123	Vijaynagar	3635	84.97
01-12-2025	124	Hosahalli	4517	108.25
01-12-2025	125	Marenahalli	3424	83.52
01-12-2025	126	Maruthi Mandira Ward	4024	88.05
01-12-2025	127	Moodalapalya	5878	118.08
01-12-2025	128	Nagarabhavi	10914	252.54
01-12-2025	129	Jnanabharathi ward	13945	327.01
01-12-2025	130	Ullalu	9347	188.31
01-12-2025	131	Nayandanahalli	4391	115.58
01-12-2025	132	Attiguppe	5491	154.86
01-12-2025	133	Hampinagar	3034	75.19
01-12-2025	134	Bapujinagar	4483	129.91
01-12-2025	135	Padarayanapura	2031	69.19
01-12-2025	136	Jagareevanram Nagar	4825	126.42
01-12-2025	137	Rayapuram	3456	76.35
01-12-2025	138	Chalavadipalya	2389	52.25
01-12-2025	139	K.R. Market	2929	53.29
01-12-2025	140	Chamrajpet	4780	167.55
01-12-2025	141	Azadnagar	4032	105.12
01-12-2025	142	Sunkenahalli	2898	63.59
01-12-2025	143	Vishweshrapuram	4745	112.91
01-12-2025	144	Siddapura	4488	117.06
01-12-2025	145	Hombegowdanagar	6552	199.61
01-12-2025	146	Lakkasandra	2836	91.94
01-12-2025	147	Adugodi	3426	113.67
01-12-2025	148	Ejipura	4798	134.71
01-12-2025	149	Varthur	3327	148.03
01-12-2025	150	Bellandur	5702	395.01
01-12-2025	151	Koramangala	7175	309.15
01-12-2025	152	Sudduguntepalya	4083	151.24
01-12-2025	153	Jayanagar	343	8.09
01-12-2025	153	Jayangar	3655	147.52
01-12-2025	154	Basavanagudi	5810	132.12
01-12-2025	155	Hanumanthanagar	4146	84.42
01-12-2025	156	Srinagar	5688	133.58
01-12-2025	157	Gali Anjaneya swamy Temple Ward	5402	125.22
01-12-2025	158	Deepanjali Nagar	2939	71.74
01-12-2025	159	Kengeri	14627	281.41
01-12-2025	160	Rajarajeshwarinagar	16762	425.91
01-12-2025	161	Hosakerehalli	7379	160.74
01-12-2025	162	Girinagar	7747	172.82
01-12-2025	163	Katriguppe	6542	136.38
01-12-2025	164	Vidyapeetha Ward	4763	99.32
01-12-2025	165	Ganeshmandira Ward	4534	111.56
01-12-2025	166	Karisandra	4662	116.18
01-12-2025	167	Yadiyuru	4415	101.02
01-12-2025	168	Pattabhiramnagar	4312	140.81
01-12-2025	169	Byrasandra	3851	114.19
01-12-2025	170	Jayanagar East	3890	101.01
01-12-2025	171	Gurappanapalya	4064	180.16
01-12-2025	172	Madiwala	5605	171.04
01-12-2025	173	Jakkasandra	2857	119.82
01-12-2025	174	HSR Layout	14187	546.3
01-12-2025	175	Bommanahalli	6605	276.82
01-12-2025	176	BTM Layout	7578	257.9
01-12-2025	177	J.P.Nagar	5638	171.22
01-12-2025	178	Sarakki	5626	175.18
01-12-2025	179	Shakambarinagar	3779	107.5
01-12-2025	180	Banashankari Temple Ward	5194	115.85
01-12-2025	181	Kumaraswamy Layout	8422	243.37
01-12-2025	182	Padmanabhanagar	6046	164.1
01-12-2025	183	Chikkallasandra	5191	130.46
01-12-2025	184	Uttarahalli	9541	299.06
01-12-2025	185	Yelachenahalli	7004	180.24
01-12-2025	186	Jaraganahalli	3062	77.16
01-12-2025	187	Puttenahalli	4682	151.27
01-12-2025	188	Bilekahalli	4407	231.42
01-12-2025	189	Hongasandra	8435	336.52
01-12-2025	190	Mangammanapalya	3334	88.72
01-12-2025	191	Singasandra	4380	163.16
01-12-2025	191	Singsandra	1114	41.95
01-12-2025	192	Begur	7235	325.49
01-12-2025	193	Arakere	10083	339.73
01-12-2025	194	Gottigere	4395	96.02
01-12-2025	195	Konanakunte	10265	273.6
01-12-2025	196	Anjanapura	9623	329.99
01-12-2025	197	Vasanthapura	4299	134.37
01-12-2025	198	Hemmigepura	5511	116.59
01-01-2026	1	Kempegowda Ward	4387	117.69
01-01-2026	2	Chowdeshwari Ward	467	73.73
01-01-2026	3	Attur	6710	180.15
01-01-2026	4	Yelahanka Satellite town	7806	388.42
01-01-2026	5	Jakkur	4041	110.53
01-01-2026	6	Thanisandra	4587	83.25
01-01-2026	7	Byatarayanapura	9764	291.03
01-01-2026	8	Kodigehalli	5461	133.56
01-01-2026	9	Vidyaranyapura	12955	283.48
01-01-2026	10	Doddabommasandra	1921	30.96
01-01-2026	11	Kuvempunagar	4618	68.64
01-01-2026	12	Shettyhalli	10606	161.36
01-01-2026	13	Mallasandra	4552	67.69
01-01-2026	14	Bagalagunte	8819	230.14
01-01-2026	14	sidedahalli	1628	44.26
01-01-2026	15	T. Dasarahalli	4596	141.74
01-01-2026	16	Jalahalli	3114	101.26
01-01-2026	17	J.P.Park	5749	132.82
01-01-2026	18	Radhakrishna Temple Ward	5512	95.14
01-01-2026	19	Sanjaynagar	5839	86.31
01-01-2026	20	Ganganagar	3346	69.16
01-01-2026	21	Hebbal	7503	162.97
01-01-2026	22	VishwanathNagenahalli	3290	77.1
01-01-2026	23	Nagavara	9187	188.69
01-01-2026	24	HBR Layout	8228	250.88
01-01-2026	25	Horamavu	8867	131.31
01-01-2026	26	Ramamurthynagar	9501	263.41
01-01-2026	27	Banasawadi	9698	282.69
01-01-2026	28	Kammanahalli	6635	181.25
01-01-2026	29	Kacharakanahalli	4898	129.97
01-01-2026	30	Kadugondanahalli	5170	131.42
01-01-2026	31	Kushalnagar	3153	54.41
01-01-2026	32	Kavalbyrasandra	5588	106.88
01-01-2026	33	Manorayanapalya	2723	62.57
01-01-2026	34	Gangenahalli	2324	48.76
01-01-2026	35	Aramane Nagar	2973	79.7
01-01-2026	36	Mathikere	4154	88.1
01-01-2026	37	Yeshwanthpur	3225	64.12
01-01-2026	38	H.M.T	3683	145.14
01-01-2026	39	Chokkasandra	5821	140.31
01-01-2026	40	Doddabidirakalu	1	0
01-01-2026	41	Peenya Industrial Area	9839	235.95
01-01-2026	42	Lakshmidevinagar	5155	109.43
01-01-2026	43	Nandini Layout	6473	160.67
01-01-2026	44	Marappanahalli	4446	124.79
01-01-2026	45	Malleshwaram	3660	100.18
01-01-2026	46	Jayachamarajendra Nagar	5333	181.82
01-01-2026	47	Devarajeevanahalli	3779	80.36
01-01-2026	48	Muneshwaranagar	2193	35.46
01-01-2026	49	Lingarajapura	5761	96.81
01-01-2026	50	Benniganahalli	5867	382.49
01-01-2026	51	Vijinapura	6332	129.19
01-01-2026	52	K.R.Puram	8919	181.68
01-01-2026	53	Basavanapura	8585	209.68
01-01-2026	54	Hoodi	5341	343.17
01-01-2026	55	Devasandra	3343	87.26
01-01-2026	56	A. Narayanapura	8443	232.28
01-01-2026	57	C.V. Ramannagar	3299	84.02
01-01-2026	58	Hosathippasandra	6023	153.73
01-01-2026	59	Maruthiseva Nagar	5598	165.88
01-01-2026	60	Sagayapuram	4276	94.15
01-01-2026	61	S.K. Garden	2881	78.06
01-01-2026	62	Ramaswamy palya	3131	77.48
01-01-2026	63	Jayamahal	3084	124.28
01-01-2026	64	Rajamahal	3701	90.75
01-01-2026	65	Kadumalleshwara	5615	153.16
01-01-2026	66	Subramanyanagar	4290	124.53
01-01-2026	67	Nagapura	5811	177.85
01-01-2026	68	Mahalakshmipuram	5111	126.27
01-01-2026	69	Laggere	10202	245.21
01-01-2026	70	Rajagopalanagar	8376	196.05
01-01-2026	71	Hegganahalli	8670	235.85
01-01-2026	72	herohalli	11502	240.11
01-01-2026	73	Kottigepalya	8519	207.74
01-01-2026	74	Shakthiganapathi nagar	6109	160.04
01-01-2026	75	Shankaramata	5216	150.58
01-01-2026	76	Gayathrinagar	4381	112.89
01-01-2026	77	Dattathreya Temple	4485	115.72
01-01-2026	78	Pulikeshinagar	3629	116.21
01-01-2026	79	Sarvagnanagar	3425	78.6
01-01-2026	80	Hoysalanagar	5458	158.68
01-01-2026	81	Vignananagar	7166	210.25
01-01-2026	82	Garudacharpalya	4379	182.54
01-01-2026	83	Kadugodi	1101	52.08
01-01-2026	84	Hagadooru	2020	105.51
01-01-2026	85	Doddanekkundi	5762	322.57
01-01-2026	85	Varthur	2181	74.84
01-01-2026	86	Marathalli	4747	176.7
01-01-2026	87	HAL Airport	4377	95.12
01-01-2026	88	Jeevanbhimanagar	5993	151.37
01-01-2026	89	Jogupalya	4062	129.09
01-01-2026	90	Ulsoor	5626	323.7
01-01-2026	91	Bharathinagar	2250	95.19
01-01-2026	92	Shivajinagar	5168	208.01
01-01-2026	93	Vasanthnagar	3747	277.57
01-01-2026	94	Gandhinagar	4789	360.6
01-01-2026	95	Subhashnagar	3090	63.3
01-01-2026	96	Okalipuram	3420	122.3
01-01-2026	97	Dayanandanagar	3501	85.37
01-01-2026	98	Prakashnagar	3077	80.57
01-01-2026	99	Rajajinagar	3952	117.26
01-01-2026	100	Basaveshwaranagar	5774	170.22
01-01-2026	101	Kamakshipalya	3686	96.59
01-01-2026	102	Vrushabhavathi Nagar	4182	99.92
01-01-2026	103	Kaveripura	5040	105.76
01-01-2026	104	Govindrajnagara	2917	74.71
01-01-2026	105	Agrahara Dasarahalli	3216	95.94
01-01-2026	106	Dr. Rajkumar Ward	2471	80.42
01-01-2026	107	Shivanagar	2457	85.8
01-01-2026	108	Srirammandira ward	4679	120.08
01-01-2026	109	Chikpet	5621	114.19
01-01-2026	110	Sampangiramnagar	3022	133.74
01-01-2026	111	Shanthala Nagar	3779	226.62
01-01-2026	112	Dommalur	4798	207.72
01-01-2026	113	Konena Agrahara	3942	131.94
01-01-2026	114	Agaram	2926	153.52
01-01-2026	115	Vannarpet	5167	107.23
01-01-2026	116	Neelasandra	2652	60.85
01-01-2026	117	Shanthinagar	6219	245.07
01-01-2026	118	Sudamnagar	5149	100.08
01-01-2026	119	Dharmarayaswamy Temple Ward	4996	99.9
01-01-2026	120	Cottonpet	3086	64.71
01-01-2026	121	Binnypet	4581	98.66
01-01-2026	122	Kempapura Agrahara	3954	86.15
01-01-2026	123	Vijaynagar	3639	89.2
01-01-2026	124	Hosahalli	4520	111.8
01-01-2026	125	Marenahalli	3427	92.13
01-01-2026	126	Maruthi Mandira Ward	4025	98.37
01-01-2026	127	Moodalapalya	5881	127.39
01-01-2026	128	Nagarabhavi	10945	264.21
01-01-2026	129	Jnanabharathi ward	13977	344.51
01-01-2026	130	Ullalu	9406	201.94
01-01-2026	131	Nayandanahalli	4397	116.07
01-01-2026	132	Attiguppe	5495	159.63
01-01-2026	133	Hampinagar	3035	80.59
01-01-2026	134	Bapujinagar	4489	131.23
01-01-2026	135	Padarayanapura	2032	70.94
01-01-2026	136	Jagareevanram Nagar	4827	126.27
01-01-2026	137	Rayapuram	3456	77.67
01-01-2026	138	Chalavadipalya	2389	51.11
01-01-2026	139	K.R. Market	2931	55.6
01-01-2026	140	Chamrajpet	4780	171.52
01-01-2026	141	Azadnagar	4033	111.27
01-01-2026	142	Sunkenahalli	2900	66.85
01-01-2026	143	Vishweshrapuram	4749	116.83
01-01-2026	144	Siddapura	4484	115.55
01-01-2026	145	Hombegowdanagar	6557	202.17
01-01-2026	146	Lakkasandra	2836	94.21
01-01-2026	147	Adugodi	3426	107.62
01-01-2026	148	Ejipura	4799	139.84
01-01-2026	149	Varthur	3327	159.59
01-01-2026	150	Bellandur	5923	406.06
01-01-2026	151	Koramangala	7184	312.87
01-01-2026	152	Sudduguntepalya	4081	148.49
01-01-2026	153	Jayanagar	344	8.54
01-01-2026	153	Jayangar	3657	156.52
01-01-2026	154	Basavanagudi	5814	139.28
01-01-2026	155	Hanumanthanagar	4146	90.32
01-01-2026	156	Srinagar	5692	144.54
01-01-2026	157	Gali Anjaneya swamy Temple Ward	5408	131.88
01-01-2026	158	Deepanjali Nagar	2940	79.25
01-01-2026	159	Kengeri	14713	313.41
01-01-2026	160	Rajarajeshwarinagar	16871	455.74
01-01-2026	161	Hosakerehalli	7386	169.75
01-01-2026	162	Girinagar	7752	185.78
01-01-2026	163	Katriguppe	6543	140.17
01-01-2026	164	Vidyapeetha Ward	4766	108.6
01-01-2026	165	Ganeshmandira Ward	4562	114.68
01-01-2026	166	Karisandra	4668	121.32
01-01-2026	167	Yadiyuru	4417	109.13
01-01-2026	168	Pattabhiramnagar	4317	139.9
01-01-2026	169	Byrasandra	3852	118.44
01-01-2026	170	Jayanagar East	3890	101.58
01-01-2026	171	Gurappanapalya	4065	180.04
01-01-2026	172	Madiwala	5606	173.73
01-01-2026	173	Jakkasandra	2858	128.9
01-01-2026	174	HSR Layout	14194	558.09
01-01-2026	175	Bommanahalli	6615	291.78
01-01-2026	176	BTM Layout	7581	272.68
01-01-2026	177	J.P.Nagar	5646	172.48
01-01-2026	178	Sarakki	5627	171.08
01-01-2026	179	Shakambarinagar	3786	109.53
01-01-2026	180	Banashankari Temple Ward	5196	116.02
01-01-2026	181	Kumaraswamy Layout	8441	249.17
01-01-2026	182	Padmanabhanagar	6048	172.02
01-01-2026	183	Chikkallasandra	5195	132.7
01-01-2026	184	Uttarahalli	9612	308.56
01-01-2026	185	Yelachenahalli	7046	189.74
01-01-2026	186	Jaraganahalli	3065	81.25
01-01-2026	187	Puttenahalli	4699	149.01
01-01-2026	188	Bilekahalli	4409	232.17
01-01-2026	189	Hongasandra	8455	348.85
01-01-2026	190	Mangammanapalya	3353	97.11
01-01-2026	191	Singasandra	4498	172.63
01-01-2026	191	Singsandra	1134	45.02
01-01-2026	192	Begur	7315	344.58
01-01-2026	193	Arakere	10104	343.38
01-01-2026	194	Gottigere	4453	102.51
01-01-2026	195	Konanakunte	10296	278.2
01-01-2026	196	Anjanapura	9774	384.25
01-01-2026	197	Vasanthapura	4295	140.16
01-01-2026	198	Hemmigepura	5619	132.14
01-02-2026	1	Kempegowda Ward	4402	117.13
01-02-2026	2	Chowdeshwari Ward	467	74.08
01-02-2026	3	Attur	6752	175.66
01-02-2026	4	Yelahanka Satellite town	7812	375.98
01-02-2026	5	Jakkur	4121	113.5
01-02-2026	6	Thanisandra	4744	87.81
01-02-2026	7	Byatarayanapura	9775	283.75
01-02-2026	8	Kodigehalli	5475	138.01
01-02-2026	9	Vidyaranyapura	12959	290.57
01-02-2026	10	Doddabommasandra	1921	30.79
01-02-2026	11	Kuvempunagar	4627	67.21
01-02-2026	12	Shettyhalli	11223	164.51
01-02-2026	13	Mallasandra	4561	70.47
01-02-2026	14	Bagalagunte	8833	227.13
01-02-2026	14	sidedahalli	1629	40.3
01-02-2026	15	T. Dasarahalli	4600	144.18
01-02-2026	16	Jalahalli	3115	99.08
01-02-2026	17	J.P.Park	5749	126.2
01-02-2026	18	Radhakrishna Temple Ward	5513	95.5
01-02-2026	19	Sanjaynagar	5839	89.56
01-02-2026	20	Ganganagar	3348	70.99
01-02-2026	21	Hebbal	7510	168.9
01-02-2026	22	VishwanathNagenahalli	3290	79.89
01-02-2026	23	Nagavara	9242	190.44
01-02-2026	24	HBR Layout	8240	248.58
01-02-2026	25	Horamavu	15565	140.77
01-02-2026	26	Ramamurthynagar	9565	263.18
01-02-2026	27	Banasawadi	9709	281.62
01-02-2026	28	Kammanahalli	6636	180.3
01-02-2026	29	Kacharakanahalli	4901	127.88
01-02-2026	30	Kadugondanahalli	5173	130.57
01-02-2026	31	Kushalnagar	3147	55.17
01-02-2026	32	Kavalbyrasandra	5589	117.6
01-02-2026	33	Manorayanapalya	2727	64.11
01-02-2026	34	Gangenahalli	2324	50.41
01-02-2026	35	Aramane Nagar	2974	81.17
01-02-2026	36	Mathikere	4155	87.56
01-02-2026	37	Yeshwanthpur	3234	60.68
01-02-2026	38	H.M.T	3689	140.26
01-02-2026	39	Chokkasandra	5831	134.79
01-02-2026	40	Doddabidirakalu	1	0
01-02-2026	41	Peenya Industrial Area	10317	245.51
01-02-2026	42	Lakshmidevinagar	5159	109.4
01-02-2026	43	Nandini Layout	6475	161.69
01-02-2026	44	Marappanahalli	4447	119.62
01-02-2026	45	Malleshwaram	3662	99.96
01-02-2026	46	Jayachamarajendra Nagar	5333	184.56
01-02-2026	47	Devarajeevanahalli	3783	79.63
01-02-2026	48	Muneshwaranagar	2190	35.16
01-02-2026	49	Lingarajapura	5765	96.48
01-02-2026	50	Benniganahalli	5871	370.95
01-02-2026	51	Vijinapura	6335	126.18
01-02-2026	52	K.R.Puram	8926	179.82
01-02-2026	53	Basavanapura	8645	206.04
01-02-2026	54	Hoodi	5411	356.83
01-02-2026	55	Devasandra	3345	88.46
01-02-2026	56	A. Narayanapura	8448	230.81
01-02-2026	57	C.V. Ramannagar	3308	80.67
01-02-2026	58	Hosathippasandra	6025	148.47
01-02-2026	59	Maruthiseva Nagar	5595	158.41
01-02-2026	60	Sagayapuram	4269	93.65
01-02-2026	61	S.K. Garden	2879	76.72
01-02-2026	62	Ramaswamy palya	3131	77.65
01-02-2026	63	Jayamahal	3085	124.95
01-02-2026	64	Rajamahal	3702	91.6
01-02-2026	65	Kadumalleshwara	5615	155.63
01-02-2026	66	Subramanyanagar	4290	120.56
01-02-2026	67	Nagapura	5811	177.04
01-02-2026	68	Mahalakshmipuram	5111	127.37
01-02-2026	69	Laggere	10206	246.3
01-02-2026	70	Rajagopalanagar	8387	192.77
01-02-2026	71	Hegganahalli	8674	235.82
01-02-2026	72	herohalli	11655	241.72
01-02-2026	73	Kottigepalya	8519	205.14
01-02-2026	74	Shakthiganapathi nagar	6111	155.33
01-02-2026	75	Shankaramata	5219	151.65
01-02-2026	76	Gayathrinagar	4384	116.63
01-02-2026	77	Dattathreya Temple	4485	115.7
01-02-2026	78	Pulikeshinagar	3636	119.07
01-02-2026	79	Sarvagnanagar	3425	75.06
01-02-2026	80	Hoysalanagar	5458	156.28
01-02-2026	81	Vignananagar	7183	202.46
01-02-2026	82	Garudacharpalya	4386	197.56
01-02-2026	83	Kadugodi	1125	55.16
01-02-2026	84	Hagadooru	2019	113.95
01-02-2026	85	Doddanekkundi	5774	348.64
01-02-2026	85	Varthur	2339	102.93
01-02-2026	86	Marathalli	4768	180.83
01-02-2026	87	HAL Airport	4377	93.94
01-02-2026	88	Jeevanbhimanagar	5993	147.33
01-02-2026	89	Jogupalya	4062	128.72
01-02-2026	90	Ulsoor	5626	319.3
01-02-2026	91	Bharathinagar	2250	97.45
01-02-2026	92	Shivajinagar	5168	208.52
01-02-2026	93	Vasanthnagar	3748	275.6
01-02-2026	94	Gandhinagar	4789	365.36
01-02-2026	95	Subhashnagar	3090	61.73
01-02-2026	96	Okalipuram	3420	121.67
01-02-2026	97	Dayanandanagar	3504	82.92
01-02-2026	98	Prakashnagar	3077	78.85
01-02-2026	99	Rajajinagar	3953	116.73
01-02-2026	100	Basaveshwaranagar	5775	166
01-02-2026	101	Kamakshipalya	3686	96.41
01-02-2026	102	Vrushabhavathi Nagar	4185	100.81
01-02-2026	103	Kaveripura	5040	106.56
01-02-2026	104	Govindrajnagara	2920	75.76
01-02-2026	105	Agrahara Dasarahalli	3218	97.63
01-02-2026	106	Dr. Rajkumar Ward	2471	79.95
01-02-2026	107	Shivanagar	2457	91.56
01-02-2026	108	Srirammandira ward	4679	119.38
01-02-2026	109	Chikpet	5623	110.84
01-02-2026	110	Sampangiramnagar	3024	132.68
01-02-2026	111	Shanthala Nagar	3780	222.35
01-02-2026	112	Dommalur	4800	197.08
01-02-2026	113	Konena Agrahara	3944	127.2
01-02-2026	114	Agaram	2927	161.24
01-02-2026	115	Vannarpet	5168	105.36
01-02-2026	116	Neelasandra	2654	60.8
01-02-2026	117	Shanthinagar	6222	244.22
01-02-2026	118	Sudamnagar	5149	94.67
01-02-2026	119	Dharmarayaswamy Temple Ward	4997	96.06
01-02-2026	120	Cottonpet	3089	62.25
01-02-2026	121	Binnypet	4581	99.27
01-02-2026	122	Kempapura Agrahara	3958	88.34
01-02-2026	123	Vijaynagar	3637	87.94
01-02-2026	124	Hosahalli	4521	112.1
01-02-2026	125	Marenahalli	3432	89.33
01-02-2026	126	Maruthi Mandira Ward	4025	101.74
01-02-2026	127	Moodalapalya	5882	131.47
01-02-2026	128	Nagarabhavi	10961	265.6
01-02-2026	129	Jnanabharathi ward	13995	338.97
01-02-2026	130	Ullalu	9505	196.5
01-02-2026	131	Nayandanahalli	4404	121.22
01-02-2026	132	Attiguppe	5497	164.69
01-02-2026	133	Hampinagar	3037	78.65
01-02-2026	134	Bapujinagar	4501	128.09
01-02-2026	135	Padarayanapura	2034	68.81
01-02-2026	136	Jagareevanram Nagar	4827	124.6
01-02-2026	137	Rayapuram	3456	76.04
01-02-2026	138	Chalavadipalya	2389	51.03
01-02-2026	139	K.R. Market	2931	49.64
01-02-2026	140	Chamrajpet	4779	163.34
01-02-2026	141	Azadnagar	4034	101.95
01-02-2026	142	Sunkenahalli	2902	65.71
01-02-2026	143	Vishweshrapuram	4750	115.2
01-02-2026	144	Siddapura	4485	113.47
01-02-2026	145	Hombegowdanagar	6557	198.09
01-02-2026	146	Lakkasandra	2838	95.18
01-02-2026	147	Adugodi	3426	109.7
01-02-2026	148	Ejipura	4800	138.08
01-02-2026	149	Varthur	3327	159.44
01-02-2026	150	Bellandur	6136	414.09
01-02-2026	151	Koramangala	7192	309.21
01-02-2026	152	Sudduguntepalya	4087	151.46
01-02-2026	153	Jayanagar	344	7.98
01-02-2026	153	Jayangar	3658	154.52
01-02-2026	154	Basavanagudi	5815	136.3
01-02-2026	155	Hanumanthanagar	4147	87.44
01-02-2026	156	Srinagar	5692	144.61
01-02-2026	157	Gali Anjaneya swamy Temple Ward	5408	134.29
01-02-2026	158	Deepanjali Nagar	2942	77.03
01-02-2026	159	Kengeri	14749	309.2
01-02-2026	160	Rajarajeshwarinagar	16921	446.58
01-02-2026	161	Hosakerehalli	7392	161.24
01-02-2026	162	Girinagar	7754	181.75
01-02-2026	163	Katriguppe	6549	142.35
01-02-2026	164	Vidyapeetha Ward	4766	104.96
01-02-2026	165	Ganeshmandira Ward	4567	116.66
01-02-2026	166	Karisandra	4671	120.01
01-02-2026	167	Yadiyuru	4417	106.36
01-02-2026	168	Pattabhiramnagar	4318	140.87
01-02-2026	169	Byrasandra	3852	114.06
01-02-2026	170	Jayanagar East	3890	101.64
01-02-2026	171	Gurappanapalya	4072	184.2
01-02-2026	172	Madiwala	5611	173.36
01-02-2026	173	Jakkasandra	2858	123.05
01-02-2026	174	HSR Layout	14240	566.32
01-02-2026	175	Bommanahalli	6625	278.38
01-02-2026	176	BTM Layout	7586	263.36
01-02-2026	177	J.P.Nagar	5646	172.24
01-02-2026	178	Sarakki	5629	173.26
01-02-2026	179	Shakambarinagar	3786	112.68
01-02-2026	180	Banashankari Temple Ward	5200	118.23
01-02-2026	181	Kumaraswamy Layout	8443	248.01
01-02-2026	182	Padmanabhanagar	6048	172.37
01-02-2026	183	Chikkallasandra	5195	130.9
01-02-2026	184	Uttarahalli	9692	313.36
01-02-2026	185	Yelachenahalli	7077	201.7
01-02-2026	186	Jaraganahalli	3069	80.99
01-02-2026	187	Puttenahalli	4710	152.92
01-02-2026	188	Bilekahalli	4411	249.17
01-02-2026	189	Hongasandra	8474	352.09
01-02-2026	190	Mangammanapalya	3378	91.11
01-02-2026	191	Singasandra	4623	179.84
01-02-2026	191	Singsandra	1153	46.67
01-02-2026	192	Begur	7495	348.15
01-02-2026	193	Arakere	10118	357.16
01-02-2026	194	Gottigere	4539	102.26
01-02-2026	195	Konanakunte	10323	295.05
01-02-2026	196	Anjanapura	10012	398.23
01-02-2026	197	Vasanthapura	4295	137.11
01-02-2026	198	Hemmigepura	5860	139.21
01-03-2026	1	Kempegowda Ward	4418	109.74
01-03-2026	2	Chowdeshwari Ward	467	56.01
01-03-2026	3	Attur	6800	171.05
01-03-2026	4	Yelahanka Satellite town	7814	368.22
01-03-2026	5	Jakkur	4165	110.83
01-03-2026	6	Thanisandra	4794	88.4
01-03-2026	7	Byatarayanapura	9781	285.57
01-03-2026	8	Kodigehalli	5529	130.32
01-03-2026	9	Vidyaranyapura	12972	274.02
01-03-2026	10	Doddabommasandra	1921	30.17
01-03-2026	11	Kuvempunagar	4640	64.55
01-03-2026	12	Shettyhalli	11814	180.95
01-03-2026	13	Mallasandra	4565	62.17
01-03-2026	14	Bagalagunte	8844	208.85
01-03-2026	14	sidedahalli	1628	40.44
01-03-2026	15	T. Dasarahalli	4603	133.91
01-03-2026	16	Jalahalli	3117	89.21
01-03-2026	17	J.P.Park	5749	120.05
01-03-2026	18	Radhakrishna Temple Ward	5513	91.1
01-03-2026	19	Sanjaynagar	5841	82.66
01-03-2026	20	Ganganagar	3351	70.47
01-03-2026	21	Hebbal	7512	160.69
01-03-2026	22	VishwanathNagenahalli	3290	73.64
01-03-2026	23	Nagavara	9267	187.37
01-03-2026	24	HBR Layout	8252	236.07
01-03-2026	25	Horamavu	16181	165.27
01-03-2026	26	Ramamurthynagar	9578	245.88
01-03-2026	27	Banasawadi	9718	260.34
01-03-2026	28	Kammanahalli	6641	167.48
01-03-2026	29	Kacharakanahalli	4902	120.16
01-03-2026	30	Kadugondanahalli	5174	128.6
01-03-2026	31	Kushalnagar	3147	54.1
01-03-2026	32	Kavalbyrasandra	5595	103.15
01-03-2026	33	Manorayanapalya	2742	60.88
01-03-2026	34	Gangenahalli	2324	47.61
01-03-2026	35	Aramane Nagar	2976	76.86
01-03-2026	36	Mathikere	4158	87.41
01-03-2026	37	Yeshwanthpur	3239	59.3
01-03-2026	38	H.M.T	3695	136.51
01-03-2026	39	Chokkasandra	5838	133.8
01-03-2026	40	Doddabidirakalu	1	0
01-03-2026	41	Peenya Industrial Area	10886	236.64
01-03-2026	42	Lakshmidevinagar	5165	107.14
01-03-2026	43	Nandini Layout	6476	151.01
01-03-2026	44	Marappanahalli	4451	110.91
01-03-2026	45	Malleshwaram	3662	98.22
01-03-2026	46	Jayachamarajendra Nagar	5336	178.74
01-03-2026	47	Devarajeevanahalli	3784	79.48
01-03-2026	48	Muneshwaranagar	2190	34.67
01-03-2026	49	Lingarajapura	5774	91.75
01-03-2026	50	Benniganahalli	5874	361.26
01-03-2026	51	Vijinapura	6346	122.86
01-03-2026	52	K.R.Puram	8953	173.05
01-03-2026	53	Basavanapura	8707	201.81
01-03-2026	54	Hoodi	5427	343.15
01-03-2026	55	Devasandra	3364	84.27
01-03-2026	56	A. Narayanapura	8456	220.21
01-03-2026	57	C.V. Ramannagar	3324	73.92
01-03-2026	58	Hosathippasandra	6026	144.13
01-03-2026	59	Maruthiseva Nagar	5590	158.47
01-03-2026	60	Sagayapuram	4268	90.41
01-03-2026	61	S.K. Garden	2875	74.27
01-03-2026	62	Ramaswamy palya	3131	73.42
01-03-2026	63	Jayamahal	3085	117.16
01-03-2026	64	Rajamahal	3702	84.92
01-03-2026	65	Kadumalleshwara	5615	146.84
01-03-2026	66	Subramanyanagar	4292	113.37
01-03-2026	67	Nagapura	5814	168.34
01-03-2026	68	Mahalakshmipuram	5114	127.69
01-03-2026	69	Laggere	10211	230.88
01-03-2026	70	Rajagopalanagar	8396	181.46
01-03-2026	71	Hegganahalli	8695	219.79
01-03-2026	72	herohalli	11904	246.36
01-03-2026	73	Kottigepalya	8532	199.53
01-03-2026	74	Shakthiganapathi nagar	6112	149.78
01-03-2026	75	Shankaramata	5220	142
01-03-2026	76	Gayathrinagar	4385	111.43
01-03-2026	77	Dattathreya Temple	4485	109.83
01-03-2026	78	Pulikeshinagar	3641	119.25
01-03-2026	79	Sarvagnanagar	3370	73.15
01-03-2026	80	Hoysalanagar	5458	150.06
01-03-2026	81	Vignananagar	7194	197.57
01-03-2026	82	Garudacharpalya	4388	174.66
01-03-2026	83	Kadugodi	1149	57.36
01-03-2026	84	Hagadooru	2020	109.88
01-03-2026	85	Doddanekkundi	5804	313.53
01-03-2026	85	Varthur	2403	102.27
01-03-2026	86	Marathalli	4784	156.37
01-03-2026	87	HAL Airport	4379	88
01-03-2026	88	Jeevanbhimanagar	5997	140.86
01-03-2026	89	Jogupalya	4062	124.2
01-03-2026	90	Ulsoor	5628	305.96
01-03-2026	91	Bharathinagar	2252	112.97
01-03-2026	92	Shivajinagar	5175	211.81
01-03-2026	93	Vasanthnagar	3749	259.19
01-03-2026	94	Gandhinagar	4789	350.94
01-03-2026	95	Subhashnagar	3090	61.87
01-03-2026	96	Okalipuram	3420	122.64
01-03-2026	97	Dayanandanagar	3507	81.66
01-03-2026	98	Prakashnagar	3078	78.84
01-03-2026	99	Rajajinagar	3955	108.69
01-03-2026	100	Basaveshwaranagar	5779	158.23
01-03-2026	101	Kamakshipalya	3686	91.11
01-03-2026	102	Vrushabhavathi Nagar	4190	96.2
01-03-2026	103	Kaveripura	5040	101.06
01-03-2026	104	Govindrajnagara	2921	75.32
01-03-2026	105	Agrahara Dasarahalli	3220	92.2
01-03-2026	106	Dr. Rajkumar Ward	2471	76.88
01-03-2026	107	Shivanagar	2458	85.37
01-03-2026	108	Srirammandira ward	4680	112.16
01-03-2026	109	Chikpet	5622	107.59
01-03-2026	110	Sampangiramnagar	3024	128.43
01-03-2026	111	Shanthala Nagar	3780	218.11
01-03-2026	112	Dommalur	4801	184.44
01-03-2026	113	Konena Agrahara	3947	121.08
01-03-2026	114	Agaram	2927	136.18
01-03-2026	115	Vannarpet	5168	101.91
01-03-2026	116	Neelasandra	2655	60.54
01-03-2026	117	Shanthinagar	6222	227.44
01-03-2026	118	Sudamnagar	5150	90.65
01-03-2026	119	Dharmarayaswamy Temple Ward	4999	96.41
01-03-2026	120	Cottonpet	3090	62.9
01-03-2026	121	Binnypet	4581	94.77
01-03-2026	122	Kempapura Agrahara	3965	85.25
01-03-2026	123	Vijaynagar	3639	82.48
01-03-2026	124	Hosahalli	4521	104.46
01-03-2026	125	Marenahalli	3433	87.54
01-03-2026	126	Maruthi Mandira Ward	4028	98.37
01-03-2026	127	Moodalapalya	5885	125.57
01-03-2026	128	Nagarabhavi	10971	254.74
01-03-2026	129	Jnanabharathi ward	14008	324.23
01-03-2026	130	Ullalu	9574	191.81
01-03-2026	131	Nayandanahalli	4405	126.93
01-03-2026	132	Attiguppe	5502	165.17
01-03-2026	133	Hampinagar	3038	77.18
01-03-2026	134	Bapujinagar	4504	130.22
01-03-2026	135	Padarayanapura	2035	68.73
01-03-2026	136	Jagareevanram Nagar	4827	122.62
01-03-2026	137	Rayapuram	3456	75.61
01-03-2026	138	Chalavadipalya	2389	50.62
01-03-2026	139	K.R. Market	2930	52.42
01-03-2026	140	Chamrajpet	4778	164.06
01-03-2026	141	Azadnagar	4022	108.93
01-03-2026	142	Sunkenahalli	2902	63.4
01-03-2026	143	Vishweshrapuram	4750	105.76
01-03-2026	144	Siddapura	4485	108.95
01-03-2026	145	Hombegowdanagar	6565	188.67
01-03-2026	146	Lakkasandra	2838	85.67
01-03-2026	147	Adugodi	3428	112.91
01-03-2026	148	Ejipura	4800	140.03
01-03-2026	149	Varthur	3327	145.63
01-03-2026	150	Bellandur	6329	399.28
01-03-2026	151	Koramangala	7202	310.26
01-03-2026	152	Sudduguntepalya	4089	150.6
01-03-2026	153	Jayanagar	344	7.86
01-03-2026	153	Jayangar	3659	137.48
01-03-2026	154	Basavanagudi	5818	132.53
01-03-2026	155	Hanumanthanagar	4147	87.73
01-03-2026	156	Srinagar	5692	141.35
01-03-2026	157	Gali Anjaneya swamy Temple Ward	5408	133.31
01-03-2026	158	Deepanjali Nagar	2942	79.75
01-03-2026	159	Kengeri	14794	289.48
01-03-2026	160	Rajarajeshwarinagar	17021	422.05
01-03-2026	161	Hosakerehalli	7397	172.47
01-03-2026	162	Girinagar	7756	178.72
01-03-2026	163	Katriguppe	6550	131.17
01-03-2026	164	Vidyapeetha Ward	4769	97.38
01-03-2026	165	Ganeshmandira Ward	4568	109.01
01-03-2026	166	Karisandra	4671	113.42
01-03-2026	167	Yadiyuru	4417	99.77
01-03-2026	168	Pattabhiramnagar	4320	130.88
01-03-2026	169	Byrasandra	3854	110.75
01-03-2026	170	Jayanagar East	3890	97.28
01-03-2026	171	Gurappanapalya	4072	187.08
01-03-2026	172	Madiwala	5616	169.93
01-03-2026	173	Jakkasandra	2858	117.87
01-03-2026	174	HSR Layout	14280	545.35
01-03-2026	175	Bommanahalli	6674	262.12
01-03-2026	176	BTM Layout	7593	252.5
01-03-2026	177	J.P.Nagar	5648	162.65
01-03-2026	178	Sarakki	5629	165.82
01-03-2026	179	Shakambarinagar	3787	104.31
01-03-2026	180	Banashankari Temple Ward	5205	112.21
01-03-2026	181	Kumaraswamy Layout	8445	242.02
01-03-2026	182	Padmanabhanagar	6048	159.96
01-03-2026	183	Chikkallasandra	5195	120.54
01-03-2026	184	Uttarahalli	9787	296.9
01-03-2026	185	Yelachenahalli	7105	180.07
01-03-2026	186	Jaraganahalli	3074	77.46
01-03-2026	187	Puttenahalli	4713	145.7
01-03-2026	188	Bilekahalli	4412	232.93
01-03-2026	189	Hongasandra	8478	328.64
01-03-2026	190	Mangammanapalya	3380	88.99
01-03-2026	191	Singasandra	4790	182.52
01-03-2026	191	Singsandra	1157	43.86
01-03-2026	192	Begur	7589	326.2
01-03-2026	193	Arakere	10130	336.18
01-03-2026	194	Gottigere	4701	104.39
01-03-2026	195	Konanakunte	10337	283.26
01-03-2026	196	Anjanapura	10279	398.77
01-03-2026	197	Vasanthapura	4296	127.33
01-03-2026	198	Hemmigepura	6056	142.71
